INLINE NewClassTable,Class Name,Class Description,Class Number,This Class Promotes To,MapSprite (Standing),Walking Speed,Default Portrait,Sort Order,Base HP,Base STR/MGC,Base SKL,Base SPD,Base DEF,Base MDF,Base CON,Base MOV,Max HP,Max STR/MGC,Max SKL,Max SPD,Max DEF,Max MDF,Max CON,Class Relative Power,HP Growth,Str Growth,Skl Growth,Spd Growth,Def Growth,Res Growth,Luck Growth,HP Promotion Bonus,Pow Promotion Bonus,SKL Promotion Bonus,SPD Promotion Bonus,DEF Promotion Bonus,RES Promotion Bonus,Class Ability 1,Class Ability 2,Class Ability 3,Class Ability 4,Base Sword Level,Base Lance Level,Base Axe Level,Base Bow Level,Base Staff Level,Base Anima Level,Base Light Level,Base Dark Level,Battle Animation Pointer,Movement Cost Pointer,Movement Cost(rain) Pointer,Movement Cost(snow) Pointer,Terrain Defense Bonus Pointer,Terrain Avoid Bonus Pointer,Terrain Resistance Bonus Pointer,SomeUnnecessaryPointer
None,0x0,0x0,0x0,0x0,0x0,0,0x0,0x0,0,0,0,0,0,0,0,0,0,0,0,0,0,0,0,0x0,0,0,0,0,0,78,5,0,0,3,57,0,0,0x0,0x0,0x0,0x0,0,0,0,0,0,0,0,0,0x0,0x0,0x0,0x0,0x0,0x0,0x0,0x0
Eliwood Lord,0x48f,0x22c,0x1,0x7,0x0,0,GenericClassCard,0x1,15,3,3,5,3,0,7,5,60,20,20,20,20,20,20,0x3,90,45,40,45,15,15,40,0,0,0,0,0,0,0x0,0x20,0x0,0x10,31,0,0,0,0,0,0,0,0x8c99058,LordMovCost,LordRainMovCost,LordSnowMovCost,DefaultAvoid,DefaultDef,DefaultRes,0x0
Lyn Lord,0x490,0x22c,0x2,0x8,0x1,0,GenericClassCard,0x1,13,2,5,7,0,0,5,5,60,20,20,20,20,20,20,0x3,90,45,40,45,15,20,40,0,0,0,0,0,0,0x0,0x20,0x2,0x40,31,0,0,0,0,0,0,0,0x8c99064,LordMovCost,LordRainMovCost,LordSnowMovCost,DefaultAvoid,DefaultDef,DefaultRes,0x0
Hector Lord,0x48f,0x22c,0x3,0x9,0x2,0,GenericClassCard,0x1,16,5,2,3,6,0,13,5,60,20,20,20,20,20,20,0x3,90,45,40,45,15,12,40,0,0,0,0,0,0,0x0,0x20,0x0,0x20,0,0,31,0,0,0,0,0,0x8c99070,LordMovCost,LordRainMovCost,LordSnowMovCost,DefaultAvoid,DefaultDef,DefaultRes,0x0
Eliwood Lord Knight (only by class name),0x491,0x22c,0x4,0x2a,0x0,0,0xcc,0x2,20,5,2,5,6,0,7,7,60,20,20,20,20,20,20,0x3,75,35,40,28,15,15,30,0,0,0,0,0,0,0x3,0x4,0x0,0x10,1,31,0,0,0,0,0,0,0x8c99084,CavMovCost,CavRainMovCost,CavSnowMovCost,DefaultAvoid,DefaultDef,DefaultRes,0x0
Lyn Blade Lord (only by class name),0x493,0x22c,0x5,0x10,0x1,0,0xbe,0x2,16,4,9,9,2,0,5,5,60,20,20,20,20,20,20,0x3,70,35,40,40,15,20,30,0,0,0,0,0,0,0x0,0x0,0x2,0x40,31,0,0,0,0,0,0,0,0x8c99090,DefaultMovCost,DefaultRainMovCost,DefaultSnowMovCost,DefaultAvoid,DefaultDef,DefaultRes,0x0
Hector Great Lord (only by class name),0x492,0x22c,0x6,0x16,0x2,1,0xc2,0x2,17,5,2,0,9,0,13,4,60,20,20,20,20,20,20,0x3,80,40,35,15,28,12,25,0,0,0,0,0,0,0x0,0x0,0x0,0x20,31,0,31,0,0,0,0,0,0x8c9909c,KnightMovCost,KnightRainMovCost,KnightSnowMovCost,DefaultAvoid,DefaultDef,DefaultRes,0x0
Eliwood Lord Knight,0x491,0x22d,0x7,0x1,0x3,0,GenericClassCard,0x2,18,3,3,4,5,0,9,7,60,27,26,24,23,25,25,0x3,90,45,40,45,15,15,40,4,2,0,1,1,3,0x3,0x25,0x0,0x10,31,31,0,0,0,0,0,0,0x8c990b0,PaladinMovCost,PaladinRainMovCost,PaladinSnowMovCost,DefaultAvoid,DefaultDef,DefaultRes,0x0
Lyn Blade Lord,0x493,0x22f,0x8,0x2,0x4,0,GenericClassCard,0x2,18,3,3,4,5,0,6,6,60,24,29,30,22,22,25,0x3,90,45,40,45,15,12,40,3,2,2,0,3,5,0x0,0x1,0x2,0x40,31,0,0,31,0,0,0,0,0x8c990c4,LordMovCost,LordRainMovCost,LordSnowMovCost,DefaultAvoid,DefaultDef,DefaultRes,0x0
Hector Great Lord,0x492,0x22e,0x9,0x3,0x5,0,GenericClassCard,0x2,18,3,3,4,5,0,15,5,60,30,24,24,29,20,25,0x3,90,45,40,45,15,20,40,3,0,2,3,1,5,0x0,0x1,0x0,0x20,31,0,31,0,0,0,0,0,0x8c990d8,KnightMovCost,KnightRainMovCost,KnightSnowMovCost,DefaultAvoid,DefaultDef,DefaultRes,0x0
Mercenary,0x494,0x238,0xa,0xc,0x6,0,0xdc,0x3,18,4,8,8,4,0,9,5,60,20,20,20,20,20,20,0x3,80,40,40,32,18,20,30,0,0,0,0,0,0,0x0,0x0,0x0,0x0,31,0,0,0,0,0,0,0,0x8c990f4,DefaultMovCost,DefaultRainMovCost,DefaultSnowMovCost,DefaultAvoid,DefaultDef,DefaultRes,0x0
Mercenary (F),0x495,0x238,0xb,0xd,0x7,0,0xdc,0x0,16,3,5,6,2,0,8,5,60,20,20,20,20,20,20,0x3,80,40,40,32,18,30,30,0,0,0,0,0,0,0x0,0x0,0x0,0x0,31,0,0,0,0,0,0,0,0x0,DefaultMovCost,DefaultRainMovCost,DefaultSnowMovCost,DefaultAvoid,DefaultDef,DefaultRes,0x0
Hero,0x496,0x246,0xc,0xa,0x8,0,0xdd,0x4,22,6,9,10,8,2,10,6,60,25,30,26,25,22,20,0x3,75,30,30,20,20,20,25,4,0,2,2,2,2,0x0,0x1,0x0,0x0,71,0,1,0,0,0,0,0,0x8c99100,LordMovCost,LordRainMovCost,LordSnowMovCost,DefaultAvoid,DefaultDef,DefaultRes,0x0
Hero (F),0x497,0x246,0xd,0xb,0x9,0,0xdd,0x5,22,6,10,11,6,3,9,6,60,24,30,26,24,24,25,0x3,75,30,30,20,20,20,25,0,0,0,0,0,0,0x0,0x1,0x0,0x0,71,0,1,0,0,0,0,0,0x8c99118,LordMovCost,LordRainMovCost,LordSnowMovCost,DefaultAvoid,DefaultDef,DefaultRes,0x0
Myrmidon,0x498,0x23b,0xe,0x10,0xa,0,0xbe,0x6,16,4,9,9,2,0,8,5,60,20,20,20,20,20,20,0x3,70,35,40,40,15,20,30,0,0,0,0,0,0,0x0,0x0,0x2,0x0,31,0,0,0,0,0,0,0,0x8c99130,DefaultMovCost,DefaultRainMovCost,DefaultSnowMovCost,DefaultAvoid,DefaultDef,DefaultRes,0x0
Myrmidon (F),0x499,0x23b,0xf,0x11,0xb,0,0xbe,0x7,15,3,9,10,1,1,5,5,60,20,20,20,20,20,20,0x3,70,35,40,40,15,20,30,0,0,0,0,0,0,0x0,0x0,0x2,0x0,31,0,0,0,0,0,0,0,0x8c9913c,DefaultMovCost,DefaultRainMovCost,DefaultSnowMovCost,DefaultAvoid,DefaultDef,DefaultRes,0x0
Swordmaster,0x49a,0x24c,0x10,0xe,0xc,0,0xbf,0x8,21,6,11,10,5,2,9,6,60,24,29,30,22,23,25,0x3,65,25,30,30,15,22,25,5,2,0,0,2,1,0x40,0x1,0x2,0x0,71,0,0,0,0,0,0,0,0x8c99148,LordMovCost,LordRainMovCost,LordSnowMovCost,DefaultAvoid,DefaultDef,DefaultRes,0x0
Swordmaster (F),0x49b,0x24c,0x11,0xf,0xd,0,0xbf,0x9,19,6,11,12,4,3,7,6,60,22,29,30,22,25,25,0x3,65,25,30,30,15,22,25,5,2,0,0,2,1,0x40,0x1,0x2,0x0,71,0,0,0,0,0,0,0,0x8c99154,LordMovCost,LordRainMovCost,LordSnowMovCost,DefaultAvoid,DefaultDef,DefaultRes,0x0
Fighter,0x49c,0x239,0x12,0x13,0xe,0,0xc0,0xa,20,5,2,4,2,0,11,5,60,20,20,20,20,20,20,0x3,85,55,35,30,15,15,15,0,0,0,0,0,0,0x0,0x0,0x0,0x0,0,0,31,0,0,0,0,0,0x8c99160,FighterMovCost,FighterRainMovCost,FighterSnowMovCost,DefaultAvoid,DefaultDef,DefaultRes,0x0
Warrior,0x49d,0x247,0x13,0x12,0xf,0,0xc1,0xb,28,8,5,6,5,0,13,6,60,30,28,26,26,22,20,0x3,80,45,25,20,16,17,15,3,1,2,0,3,3,0x0,0x1,0x0,0x0,0,0,71,1,0,0,0,0,0x8c99174,FighterMovCost,FighterRainMovCost,FighterSnowMovCost,DefaultAvoid,DefaultDef,DefaultRes,0x0
Knight,0x49e,0x233,0x14,0x16,0x10,1,0xc2,0xc,17,5,2,0,9,0,13,4,60,20,20,20,20,20,20,0x3,80,40,30,15,28,20,25,0,0,0,0,0,0,0x0,0x0,0x0,0x0,0,31,0,0,0,0,0,0,0x8c9918c,KnightMovCost,KnightRainMovCost,KnightSnowMovCost,DefaultAvoid,DefaultDef,DefaultRes,0x0
Knight (F),0x49f,0x233,0x15,0x17,0x10,1,0xc2,0xd,16,4,3,1,8,1,10,4,60,20,20,20,20,20,20,0x3,80,40,30,15,28,20,25,0,0,0,0,0,0,0x0,0x0,0x0,0x0,0,31,0,0,0,0,0,0,0x8c99198,KnightMovCost,KnightRainMovCost,KnightSnowMovCost,DefaultAvoid,DefaultDef,DefaultRes,0x0
General,0x4a0,0x254,0x16,0x14,0x11,1,0xc3,0xe,21,8,4,3,13,3,15,5,60,29,27,24,30,25,20,0x3,75,30,20,10,23,25,20,4,2,2,3,2,3,0x0,0x1,0x0,0x0,0,71,1,0,0,0,0,0,0x8c991a4,KnightMovCost,KnightRainMovCost,KnightSnowMovCost,DefaultAvoid,DefaultDef,DefaultRes,0x0
General (F),0x4a1,0x254,0x17,0x15,0x11,1,0xc3,0xf,20,8,5,5,11,4,11,5,60,25,25,22,30,26,20,0x3,75,30,25,10,23,25,20,0,0,0,0,0,0,0x0,0x1,0x0,0x0,0,71,1,0,0,0,0,0,0x8c991bc,KnightMovCost,KnightRainMovCost,KnightSnowMovCost,DefaultAvoid,DefaultDef,DefaultRes,0x0
Archer,0x4a2,0x232,0x18,0x1a,0x12,0,0xc4,0x10,18,4,3,3,3,0,7,5,60,20,20,20,20,20,20,0x3,70,35,40,32,15,15,35,0,0,0,0,0,0,0x80,0x0,0x0,0x0,0,0,0,31,0,0,0,0,0x8c991d4,DefaultMovCost,DefaultRainMovCost,DefaultSnowMovCost,DefaultAvoid,DefaultDef,DefaultRes,0x0
Archer (F),0x4a3,0x232,0x19,0x1b,0x13,0,0xc4,0x11,17,3,3,4,3,0,5,5,60,20,20,20,20,20,20,0x3,70,35,40,32,15,20,35,0,0,0,0,0,0,0x80,0x0,0x0,0x0,0,0,0,31,0,0,0,0,0x8c991ec,DefaultMovCost,DefaultRainMovCost,DefaultSnowMovCost,DefaultAvoid,DefaultDef,DefaultRes,0x0
Sniper,0x4a4,0x253,0x1a,0x18,0x14,0,0xc5,0x12,21,7,6,5,5,2,8,6,60,25,30,28,25,23,20,0x3,65,30,30,20,15,20,30,3,1,2,2,2,3,0x80,0x1,0x0,0x0,0,0,0,71,0,0,0,0,0x8c99204,LordMovCost,LordRainMovCost,LordSnowMovCost,DefaultAvoid,DefaultDef,DefaultRes,0x0
Sniper (F),0x4a5,0x253,0x1b,0x19,0x15,0,0xc5,0x13,19,6,6,7,5,3,6,6,60,24,30,29,24,24,20,0x3,65,30,30,20,15,25,30,4,3,1,1,2,2,0x80,0x1,0x0,0x0,0,0,0,71,0,0,0,0,0x8c9921c,LordMovCost,LordRainMovCost,LordSnowMovCost,DefaultAvoid,DefaultDef,DefaultRes,0x0
Monk,0x4a6,0x234,0x1c,0x1e,0x16,0,0xc6,0x14,18,1,1,2,1,5,6,5,60,20,20,20,20,20,20,0x3,50,30,35,32,8,40,45,0,0,0,0,0,0,0x0,0x0,0x0,0x0,0,0,0,0,0,0,1,0,0x8c99234,MageMovCost,MageRainMovCost,MageSnowMovCost,DefaultAvoid,DefaultDef,DefaultRes,0x8be4742
Cleric,0x4a7,0x235,0x1d,0x1f,0x17,0,0xc6,0x15,16,1,2,2,0,6,4,5,60,20,20,20,20,20,20,0x2,50,30,35,32,8,50,45,0,0,0,0,0,0,0x0,0x0,0x0,0x0,0,0,0,0,31,0,0,0,0x8c99248,MageMovCost,MageRainMovCost,MageSnowMovCost,DefaultAvoid,DefaultDef,DefaultRes,0x8be4742
Bishop,0x4a8,0x251,0x1e,0x1c,0x18,0,0xc7,0x16,21,4,4,4,3,8,7,6,60,25,26,24,22,30,25,0x3,45,35,25,22,8,40,40,3,2,1,0,3,2,0x0,0x1,0x0,0x0,0,0,0,0,71,0,31,0,0x8c99254,MageMovCost,MageRainMovCost,MageSnowMovCost,DefaultAvoid,DefaultDef,DefaultRes,0x8be4742
Bishop (F),0x4a9,0x251,0x1f,0x1d,0x19,0,0xc7,0x17,19,4,5,4,2,9,5,6,60,25,25,26,21,30,25,0x3,45,35,25,22,8,50,40,3,1,2,1,2,2,0x0,0x1,0x0,0x0,0,0,0,0,71,0,31,0,0x8c9926c,MageMovCost,MageRainMovCost,MageSnowMovCost,DefaultAvoid,DefaultDef,DefaultRes,0x8be4742
Mage,0x4aa,0x23c,0x20,0x22,0x1a,0,0xc8,0x18,16,1,2,3,3,3,6,5,60,20,20,20,20,20,20,0x3,55,55,40,35,5,30,20,0,0,0,0,0,0,0x0,0x0,0x0,0x0,0,0,0,0,0,31,0,0,0x8c99284,MageMovCost,MageRainMovCost,MageSnowMovCost,DefaultAvoid,DefaultDef,DefaultRes,0x0
Mage (F),0x4ab,0x23c,0x21,0x23,0x1b,0,0xc8,0x19,16,1,3,2,2,4,3,5,60,20,20,20,20,20,20,0x3,55,55,40,35,5,40,20,0,0,0,0,0,0,0x0,0x0,0x0,0x0,0,0,0,0,0,31,0,0,0x8c99298,MageMovCost,MageRainMovCost,MageSnowMovCost,DefaultAvoid,DefaultDef,DefaultRes,0x0
Sage,0x4ac,0x24e,0x22,0x20,0x1c,0,0xc9,0x1a,20,5,4,4,5,5,7,6,60,28,30,26,21,25,20,0x3,45,45,30,25,10,40,15,4,1,0,0,3,3,0x0,0x1,0x0,0x0,0,0,0,0,1,71,0,0,0x8c992ac,MageMovCost,MageRainMovCost,MageSnowMovCost,DefaultAvoid,DefaultDef,DefaultRes,0x0
Sage (F),0x4ad,0x24e,0x23,0x21,0x1d,0,0xc9,0x1b,19,4,6,5,3,6,4,6,60,30,28,26,21,25,20,0x3,45,45,30,25,10,40,15,3,1,1,0,3,3,0x0,0x1,0x0,0x0,0,0,0,0,1,71,0,0,0x8c992c4,MageMovCost,MageRainMovCost,MageSnowMovCost,DefaultAvoid,DefaultDef,DefaultRes,0x0
Shaman,0x4ae,0x241,0x24,0x26,0x1e,1,0xca,0x1c,16,2,1,2,2,4,7,5,60,20,20,20,20,20,20,0x3,50,50,32,30,10,30,20,0,0,0,0,0,0,0x0,0x0,0x0,0x0,0,0,0,0,0,0,0,31,0x8c992dc,MageMovCost,MageRainMovCost,MageSnowMovCost,DefaultAvoid,DefaultDef,DefaultRes,0x0
Shaman (F),0x4af,0x241,0x25,0x27,0x1f,1,0xca,0x1d,15,3,1,1,1,5,3,5,60,20,20,20,20,20,20,0x3,50,45,32,30,10,40,20,0,0,0,0,0,0,0x0,0x0,0x0,0x0,0,0,0,0,0,0,0,31,0x8c992f0,MageMovCost,MageRainMovCost,MageSnowMovCost,DefaultAvoid,DefaultDef,DefaultRes,0x0
Druid,0x4b0,0x248,0x26,0x24,0x20,1,0xcb,0x1e,19,6,3,4,4,6,8,6,60,29,26,26,21,28,20,0x3,45,55,30,25,10,35,20,4,0,0,3,2,2,0x0,0x1,0x0,0x0,0,0,0,0,1,0,0,71,0x8c99304,MageMovCost,MageRainMovCost,MageSnowMovCost,DefaultAvoid,DefaultDef,DefaultRes,0x0
Druid (F),0x4b1,0x248,0x27,0x25,0x21,1,0xcb,0x1f,17,7,3,4,3,7,4,6,60,29,26,26,20,29,20,0x3,45,55,30,25,10,35,20,0,0,0,0,0,0,0x0,0x1,0x0,0x0,0,0,0,0,1,0,0,71,0x8c9931c,MageMovCost,MageRainMovCost,MageSnowMovCost,DefaultAvoid,DefaultDef,DefaultRes,0x0
Cavalier,0x4b3,0x230,0x28,0x2a,0x22,0,0xcc,0x20,20,5,2,5,6,0,9,7,60,20,20,20,20,20,20,0x3,75,35,40,28,15,15,30,0,0,0,0,0,0,0x3,0x4,0x0,0x0,1,1,0,0,0,0,0,0,0x8c99334,CavMovCost,CavRainMovCost,CavSnowMovCost,DefaultAvoid,DefaultDef,DefaultRes,0x0
Cavalier (F),0x4b4,0x230,0x29,0x2b,0x22,0,0xcc,0x0,18,5,3,3,6,0,9,7,60,20,20,20,20,20,20,0x3,75,35,40,28,15,15,30,0,0,0,0,0,0,0x3,0x4,0x0,0x0,31,1,0,0,0,0,0,0,0x8c99344,CavMovCost,CavRainMovCost,CavSnowMovCost,DefaultAvoid,DefaultDef,DefaultRes,0x0
Paladin,0x4b5,0x231,0x2a,0x28,0x23,0,0xcd,0x21,23,7,4,7,8,3,11,8,60,25,26,24,25,25,25,0x3,70,25,30,18,12,20,25,2,1,1,1,2,1,0x3,0x5,0x0,0x0,31,31,1,0,0,0,0,0,0x8c99354,PaladinMovCost,PaladinRainMovCost,PaladinSnowMovCost,DefaultAvoid,DefaultDef,DefaultRes,0x0
Paladin (F),0x4b6,0x231,0x2b,0x29,0x23,0,0xcd,0x0,23,6,6,11,7,6,9,8,60,23,27,25,24,26,25,0x3,70,25,35,25,12,25,25,2,1,1,1,2,1,0x3,0x5,0x0,0x0,31,31,1,0,0,0,0,0,0x8c99370,PaladinMovCost,PaladinRainMovCost,PaladinSnowMovCost,DefaultAvoid,DefaultDef,DefaultRes,0x0
Troubadour,0x4b7,0x23a,0x2c,0x2d,0x24,0,0xce,0x22,15,1,1,3,2,5,5,7,60,20,20,20,20,20,20,0x2,50,25,35,55,12,40,45,0,0,0,0,0,0,0x3,0x4,0x0,0x0,0,0,0,0,31,0,0,0,0x8c9938c,CavMovCost,CavRainMovCost,CavSnowMovCost,DefaultAvoid,DefaultDef,DefaultRes,0x0
Valkyrie,0x4b8,0x24a,0x2d,0x2c,0x25,0,0xcf,0x23,19,4,3,5,4,8,6,8,60,25,24,25,24,28,25,0x3,45,35,25,45,10,40,40,3,2,1,0,2,3,0x3,0x5,0x0,0x0,0,0,0,0,71,1,0,0,0x8c99398,PaladinMovCost,PaladinRainMovCost,PaladinSnowMovCost,DefaultAvoid,DefaultDef,DefaultRes,0x0
Nomad,0x4b9,0x23d,0x2e,0x30,0x26,0,0xd0,0x24,16,5,4,5,4,0,7,7,60,20,20,20,20,20,20,0x3,65,30,40,45,12,15,30,0,0,0,0,0,0,0x3,0x4,0x0,0x0,0,0,0,31,0,0,0,0,0x8c993b0,NomadMovCost,NomadRainMovCost,NomadSnowMovCost,DefaultAvoid,DefaultDef,DefaultRes,0x0
Nomad (F),0x4ba,0x23d,0x2f,0x31,0x27,0,0xd0,0x25,15,4,5,6,3,0,5,7,60,20,20,20,20,20,20,0x3,65,30,40,45,12,15,30,0,0,0,0,0,0,0x3,0x4,0x0,0x0,0,0,0,31,0,0,0,0,0x8c993bc,NomadMovCost,NomadRainMovCost,NomadSnowMovCost,DefaultAvoid,DefaultDef,DefaultRes,0x0
Nomad Trooper,0x4bb,0x252,0x30,0x2e,0x28,0,0xd1,0x26,21,7,6,7,6,3,8,8,60,25,28,30,24,23,20,0x3,60,25,30,35,15,15,25,3,2,1,1,3,3,0x3,0x5,0x0,0x0,1,0,0,71,0,0,0,0,0x8c993c8,NmdTrooperMovCost,NmdTrooperRainMovCost,NmdTrooperSnowMovCost,DefaultAvoid,DefaultDef,DefaultRes,0x0
Nomad Trooper (F),0x4bc,0x252,0x31,0x2f,0x29,0,0xd1,0x27,21,6,6,7,5,4,6,8,60,23,28,30,22,25,20,0x3,60,25,30,35,15,20,25,0,0,0,0,0,0,0x3,0x5,0x0,0x0,1,0,0,71,0,0,0,0,0x8c993d8,NmdTrooperMovCost,NmdTrooperRainMovCost,NmdTrooperSnowMovCost,DefaultAvoid,DefaultDef,DefaultRes,0x0
Pegasus Knight,0x4bd,0x244,0x32,0x33,0x2a,0,0xd2,0x28,14,4,5,5,3,2,5,7,60,20,20,20,20,20,20,0x3,65,35,40,40,12,35,35,0,0,0,0,0,0,0x3,0x10,0x0,0x0,0,31,0,0,0,0,0,0,0x8c993e8,FlierMovCost,FlierRainCost,FlierSnowCost,FlierAvoid,FlierDef,FlierRes,0x0
Falcon Knight,0x4be,0x24b,0x33,0x32,0x2b,0,0xd3,0x29,20,6,7,7,5,4,6,8,60,23,25,28,23,26,25,0x3,60,30,30,30,12,30,30,5,2,0,0,2,2,0x3,0x11,0x0,0x0,1,71,0,0,0,0,0,0,0x8c993f4,FlierMovCost,FlierRainCost,FlierSnowCost,FlierAvoid,FlierDef,FlierRes,0x0
Wywern Knight,0x4bf,0x245,0x34,0x36,0x2c,0,0xd4,0x2a,20,7,3,5,8,0,10,7,60,20,20,20,20,20,20,0x3,80,45,35,30,25,15,25,0,0,0,0,0,0,0x3,0x8,0x0,0x0,0,31,0,0,0,0,0,0,0x8c99404,FlierMovCost,FlierRainCost,FlierSnowCost,FlierAvoid,FlierDef,FlierRes,0x0
Wywern Knight (F),0x4c0,0x245,0x35,0x37,0x2c,0,0xd4,0x2b,19,6,5,5,7,0,9,7,60,20,20,20,20,20,20,0x3,80,45,35,30,25,17,25,0,0,0,0,0,0,0x3,0x8,0x0,0x0,0,31,0,0,0,0,0,0,0x8c99410,FlierMovCost,FlierRainCost,FlierSnowCost,FlierAvoid,FlierDef,FlierRes,0x0
Wywern Lord,0x4c1,0x255,0x36,0x34,0x2d,0,0xd5,0x2c,25,9,5,7,10,1,11,8,60,27,25,23,28,22,25,0x3,75,40,30,20,20,17,20,4,0,2,2,0,2,0x3,0x9,0x0,0x0,1,71,0,0,0,0,0,0,0x8c9941c,FlierMovCost,FlierRainCost,FlierSnowCost,FlierAvoid,FlierDef,FlierRes,0x0
Wywern Lord (F),0x4c2,0x255,0x37,0x35,0x2d,0,0xd5,0x2d,24,8,7,7,9,2,10,8,60,25,26,24,27,23,25,0x3,75,40,30,20,20,17,20,0,0,0,0,0,0,0x3,0x9,0x0,0x0,1,71,0,0,0,0,0,0,0x8c9942c,FlierMovCost,FlierRainCost,FlierSnowCost,FlierAvoid,FlierDef,FlierRes,0x0
Soldier,0x4c3,0x25a,0x38,Halberdier,0x2e,0,0xd6,0x2e,20,3,0,1,0,0,6,5,60,20,20,20,20,20,20,0x2,80,50,30,20,12,15,25,0,0,0,0,0,0,0x0,0x0,0x0,0x0,0,1,0,0,0,0,0,0,0x8c9943c,DefaultMovCost,DefaultRainMovCost,DefaultSnowMovCost,DefaultAvoid,DefaultDef,DefaultRes,0x0
Brigand,0x4c4,0x23e,0x39,0x3b,0x2f,0,GenericClassCard,0x2f,20,5,1,5,3,0,12,5,60,20,20,20,20,20,20,0x3,82,50,30,20,10,13,15,0,0,0,0,0,0,0x0,0x0,0x0,0x0,0,0,31,0,0,0,0,0,0x8c99448,BrigandMovCost,BrigandRainMovCost,BrigandSnowMovCost,DefaultAvoid,DefaultDef,DefaultRes,0x8be467f
Pirate,0x4c5,0x23f,0x3a,0x3b,0x30,0,0xd8,0x30,19,4,2,6,3,0,10,5,60,20,20,20,20,20,20,0x3,75,50,35,25,10,13,15,0,0,0,0,0,0,0x0,0x0,0x0,0x0,0,0,31,0,0,0,0,0,0x8c9945c,PirateMovCost,PirateRainMovCost,PirateSnowMovCost,DefaultAvoid,DefaultDef,DefaultRes,0x8be46c0
Berserker,0x4c7,0x24d,0x3b,0x39,0x31,0,0xd9,0x31,24,7,6,7,6,0,13,6,60,30,29,28,23,21,20,0x3,75,50,35,25,10,13,15,4,1,1,1,2,2,0x40,0x1,0x0,0x0,0,0,71,0,0,0,0,0,0x8c99470,BerserkerMovCost,BerserkerRainMovCost,BerserkerSnowMovCost,DefaultAvoid,DefaultDef,DefaultRes,0x8be4701
Thief,0x4c8,0x236,0x3c,0x3e,0x32,0,0xda,0x32,16,3,1,9,2,0,6,6,60,20,20,20,20,20,20,0x2,50,5,45,40,5,20,40,0,0,0,0,0,0,0xc,0x0,0x0,0x0,1,0,0,0,0,0,0,0,0x8c99484,ThiefMovCost,ThiefRainMovCost,ThiefSnowMovCost,DefaultAvoid,DefaultDef,DefaultRes,0x0
Thief (F),0x4c9,0x236,0x3d,0x0,0x33,0,0xda,0x33,15,2,3,8,1,2,5,6,60,20,20,20,20,20,20,0x2,45,5,45,40,5,25,40,0,0,0,0,0,0,0xc,0x0,0x0,0x0,1,0,0,0,0,0,0,0,0x8c99490,ThiefMovCost,ThiefRainMovCost,ThiefSnowMovCost,DefaultAvoid,DefaultDef,DefaultRes,0x0
Assassin,0x4ca,0x237,0x3e,0x3c,0x34,0,0xda,0x34,16,3,1,9,2,0,6,6,60,20,30,30,20,20,20,0x3,50,5,45,40,5,20,40,3,1,0,0,2,2,0x8,0x1,0x0,0x2,1,0,0,0,0,0,0,0,0x8c9949c,ThiefMovCost,ThiefRainMovCost,ThiefSnowMovCost,DefaultAvoid,DefaultDef,DefaultRes,0x0
Civilian,0x4d2,0x258,0x3f,0x0,0x35,0,0xb8,0x0,10,0,0,0,0,0,6,5,60,20,20,20,20,20,20,0x1,10,0,0,0,0,10,0,0,0,0,0,0,0,0x0,0x0,0x0,0x0,0,0,0,0,0,0,0,0,0x0,TransporterMovCost,TransporterRainMovCost,TransporterSnowMovCost,DefaultAvoid,DefaultDef,DefaultRes,0x0
Dancer,0x4cc,0x243,0x40,0x0,0x36,0,GenericClassCard,0x36,14,1,2,7,0,1,4,5,60,10,10,30,24,26,20,0x2,45,45,30,60,0,13,70,0,0,0,0,0,0,0x10,0x0,0x0,0x0,0,0,0,0,0,0,0,0,0x8c994a8,DefaultMovCost,DefaultRainMovCost,DefaultSnowMovCost,DefaultAvoid,DefaultDef,DefaultRes,0x0
Bard,0x4cd,0x242,0x41,0x0,0x37,0,GenericClassCard,0x37,14,1,2,7,1,0,3,5,60,10,10,30,24,26,20,0x2,45,45,30,60,0,13,70,0,0,0,0,0,0,0x20,0x0,0x0,0x0,0,0,0,0,0,0,0,0,0x8c994cc,DefaultMovCost,DefaultRainMovCost,DefaultSnowMovCost,DefaultAvoid,DefaultDef,DefaultRes,0x0
Archsage,0x4ce,0x24f,0x42,0x20,0x38,0,0xc9,0x38,20,7,4,5,5,8,9,6,60,30,30,25,20,30,20,0x3,45,45,30,25,10,35,15,0,0,0,0,0,0,0x0,0x1,0x0,0x80,0,0,0,0,251,251,251,251,0x8c994f0,MageMovCost,MageRainMovCost,MageSnowMovCost,DefaultAvoid,DefaultDef,DefaultRes,0x0
Magic Seal,0x4cf,0x250,0x43,0x0,0x39,0,0xc9,0x39,50,0,0,24,13,0,7,6,60,28,30,25,20,25,20,0x3,45,45,30,25,10,35,15,0,0,0,0,0,0,0x0,0x0,0x0,0x4,0,0,0,0,0,0,0,0,0x0,MageMovCost,MageRainMovCost,MageSnowMovCost,DefaultAvoid,DefaultDef,DefaultRes,0x0
Transporter Tent,0x4db,0x259,0x44,0x59,0x3a,1,0x4a,0x3a,15,0,3,3,3,0,25,0,60,20,20,20,20,20,25,0x1,10,0,0,0,0,10,0,0,0,0,0,0,0,0x0,0x2,0x10,0x0,0,0,0,0,0,0,0,0,0x8c99508,TransporterMovCost,TransporterRainMovCost,TransporterSnowMovCost,DefaultAvoid,DefaultDef,DefaultRes,0x0
Dark Druid,0x4b2,0x249,0x45,0x24,0x3b,1,0xcb,0x1e,20,8,4,5,8,10,10,6,80,30,25,25,30,30,25,0x3,45,55,30,25,10,35,20,0,0,0,0,0,0,0x0,0x1,0x0,0x0,0,0,0,0,251,251,251,251,0x8c99510,MageMovCost,MageRainMovCost,MageSnowMovCost,DefaultAvoid,DefaultDef,DefaultRes,0x0
Fire Dragon,0x4d0,0x256,0x46,0x0,0x3c,0,0xde,0x0,120,17,25,15,20,30,25,8,127,30,30,30,30,30,25,0x5,95,40,30,20,0,20,25,0,0,0,0,0,0,0x0,0x0,0x4,0x0,0,0,0,0,0,0,0,0,0x8c99528,FireDragonMovCost,FireDragonMovCost,FireDragonMovCost,DefaultAvoid,DefaultDef,DefaultRes,0x0
Civilian,0x4d1,0x258,0x47,0x0,0x3d,1,0xb9,0x0,10,0,0,0,0,0,7,5,60,20,20,20,20,20,20,0x1,10,0,0,0,0,10,0,0,0,0,0,0,0,0x0,0x0,0x0,0x0,0,0,0,0,0,0,0,0,0x0,TransporterMovCost,TransporterRainMovCost,TransporterSnowMovCost,DefaultAvoid,DefaultDef,DefaultRes,0x0
Civilian (F),0x4d2,0x258,0x48,0x0,0x3e,0,0xb8,0x0,10,0,0,0,0,0,25,5,60,20,20,20,20,20,20,0x1,10,0,0,0,0,10,0,0,0,0,0,0,0,0x0,0x0,0x0,0x0,0,0,0,0,0,0,0,0,0x0,TransporterMovCost,TransporterRainMovCost,TransporterSnowMovCost,DefaultAvoid,DefaultDef,DefaultRes,0x0
Child,0x4d3,0x258,0x49,0x0,0x3f,1,0xb3,0x0,10,0,0,0,0,0,25,5,60,20,20,20,20,20,20,0x1,10,0,0,0,0,10,0,0,0,0,0,0,0,0x0,0x0,0x0,0x0,0,0,0,0,0,0,0,0,0x0,TransporterMovCost,TransporterRainMovCost,TransporterSnowMovCost,DefaultAvoid,DefaultDef,DefaultRes,0x0
Brammimond,0x4d6,0x0,0x4a,0x0,0x40,1,0xb5,0x0,35,30,25,19,18,30,6,5,60,30,30,25,20,30,20,0x1,10,0,0,0,0,10,0,0,0,0,0,0,0,0x0,0x0,0x0,0x0,0,0,0,0,0,0,0,0,0x0,TransporterMovCost,TransporterRainMovCost,TransporterSnowMovCost,DefaultAvoid,DefaultDef,DefaultRes,0x0
Peer,0x4d7,0x0,0x4b,0x0,0x41,1,0xb3,0x0,10,0,0,0,0,0,8,5,60,20,20,20,20,20,20,0x1,10,0,0,0,0,10,0,0,0,0,0,0,0,0x0,0x0,0x0,0x0,0,0,0,0,0,0,0,0,0x0,TransporterMovCost,TransporterRainMovCost,TransporterSnowMovCost,DefaultAvoid,DefaultDef,DefaultRes,0x0
Peer (F),0x4d8,0x0,0x4c,0x0,0x42,1,0xb3,0x0,10,0,0,0,0,0,5,5,60,20,20,20,20,20,20,0x1,10,0,0,0,0,10,0,0,0,0,0,0,0,0x0,0x0,0x0,0x0,0,0,0,0,0,0,0,0,0x0,TransporterMovCost,TransporterRainMovCost,TransporterSnowMovCost,DefaultAvoid,DefaultDef,DefaultRes,0x0
Prince,0x4d9,0x257,0x4d,0x0,0x43,1,0xb3,0x0,10,0,0,0,0,0,7,5,60,20,20,20,20,20,20,0x1,10,0,0,0,0,10,0,0,1,1,1,1,1,0x0,0x0,0x0,0x0,181,0,0,0,0,0,0,0,0x0,TransporterMovCost,TransporterRainMovCost,TransporterSnowMovCost,DefaultAvoid,DefaultDef,DefaultRes,0x0
Queen,0x4da,0x0,0x4e,0x0,0x44,1,0xb3,0x0,10,0,0,0,0,0,1,5,60,20,20,20,20,20,20,0x1,10,0,0,0,0,10,0,0,0,0,0,0,0,0x0,0x0,0x0,0x0,0,0,0,0,0,0,0,0,0x0,TransporterMovCost,TransporterRainMovCost,TransporterSnowMovCost,DefaultAvoid,DefaultDef,DefaultRes,0x0
Hung Leila,0x4d2,0x258,0x4f,0x0,0x45,0,0xb8,0x0,10,0,0,0,0,0,6,5,60,20,20,20,20,20,20,0x1,10,0,0,0,0,10,0,0,0,0,0,0,0,0x0,0x0,0x0,0x0,0,0,0,0,0,0,0,0,0x0,TransporterMovCost,TransporterRainMovCost,TransporterSnowMovCost,DefaultAvoid,DefaultDef,DefaultRes,0x0
Corsair,0x4c6,0x240,0x50,0x3b,0x30,0,0xd8,0x30,19,4,2,6,3,0,10,5,60,20,20,20,20,20,20,0x3,75,50,35,25,10,13,15,0,0,0,0,0,0,0x0,0x0,0x0,0x0,0,0,31,0,0,0,0,0,0x8c99534,PirateMovCost,PirateRainMovCost,PirateSnowMovCost,DefaultAvoid,DefaultDef,DefaultRes,0x8be46c0
Prince (Tactician),0x4d9,0x0,0x51,0x0,0x46,1,0xb3,0x0,10,0,0,0,0,0,1,5,60,20,20,20,20,20,20,0x1,10,0,0,0,0,10,0,0,0,0,0,0,0,0x0,0x0,0x0,0x0,0,0,0,0,0,31,0,0,0x0,TransporterMovCost,TransporterRainMovCost,TransporterSnowMovCost,DefaultAvoid,DefaultDef,DefaultRes,0x0
Fallen Prince,0x4d9,0x257,0x52,0x0,0x47,1,0xb3,0x0,10,0,0,0,0,0,7,5,60,20,20,20,20,20,20,0x1,10,0,0,0,0,10,0,0,0,0,0,0,0,0x0,0x0,0x0,0x0,181,0,0,0,0,0,0,0,0x0,TransporterMovCost,TransporterRainMovCost,TransporterSnowMovCost,DefaultAvoid,DefaultDef,DefaultRes,0x0
Prince facing upward,0x4d9,0x257,0x53,0x0,0x48,1,0xb3,0x0,10,0,0,0,0,0,7,5,60,20,20,20,20,20,20,0x1,10,0,0,0,0,10,0,0,0,0,0,0,0,0x0,0x0,0x0,0x0,181,0,0,0,0,0,0,0,0x0,TransporterMovCost,TransporterRainMovCost,TransporterSnowMovCost,DefaultAvoid,DefaultDef,DefaultRes,0x0
Fallen Ninian,0x4d4,0x0,0x54,0x0,0x49,1,0xb3,0x0,10,0,0,0,0,0,25,5,60,20,20,20,20,20,20,0x1,10,0,0,0,0,10,0,0,0,0,0,0,0,0x0,0x0,0x0,0x0,0,0,0,0,0,0,0,0,0x0,TransporterMovCost,TransporterRainMovCost,TransporterSnowMovCost,DefaultAvoid,DefaultDef,DefaultRes,0x0
Fallen Ice Dragon,0x4d0,0x0,0x55,0x0,0x4a,0,0xdb,0x0,40,10,10,10,10,10,25,8,80,30,28,28,30,28,25,0x5,95,40,30,20,0,20,25,0,0,0,0,0,0,0x0,0x0,0x4,0x0,0,0,0,0,0,0,0,0,0x8c99548,FireDragonMovCost,FireDragonMovCost,FireDragonMovCost,DefaultAvoid,DefaultDef,DefaultRes,0x0
Fallen Warrior,0x49d,0x0,0x56,0x0,0x4b,0,0xc1,0x0,28,8,5,6,5,0,13,6,60,30,28,26,26,22,20,0x3,80,45,25,20,16,17,15,0,0,0,0,0,0,0x0,0x0,0x0,0x0,0,0,71,1,0,0,0,0,0x0,FighterMovCost,FighterRainMovCost,FighterSnowMovCost,DefaultAvoid,DefaultDef,DefaultRes,0x0
Child,0x4d4,0x258,0x57,0x0,0x4c,1,0xb3,0x0,10,0,0,0,0,0,7,5,60,20,20,20,20,20,20,0x1,10,0,0,0,0,10,0,0,0,0,0,0,0,0x0,0x0,0x0,0x0,0,0,0,0,0,0,0,0,0x0,TransporterMovCost,TransporterRainMovCost,TransporterSnowMovCost,DefaultAvoid,DefaultDef,DefaultRes,0x0
Child (F),0x4d5,0x258,0x58,0x0,0x4d,0,0xb5,0x0,10,0,0,0,0,0,25,5,60,20,20,20,20,20,20,0x1,10,0,0,0,0,10,0,0,0,0,0,0,0,0x0,0x0,0x0,0x0,0,0,0,0,0,0,0,0,0x0,TransporterMovCost,TransporterRainMovCost,TransporterSnowMovCost,DefaultAvoid,DefaultDef,DefaultRes,0x0
Transporter w/ Horse,0x4db,0x259,0x59,0x44,0x4e,1,0x4a,0x3a,15,0,3,3,3,0,25,5,60,20,20,20,20,20,25,0x1,10,0,0,0,0,10,0,0,0,0,0,0,0,0x3,0x6,0x0,0x0,0,0,0,0,0,0,0,0,0x8c99554,TransporterMovCost,TransporterRainMovCost,TransporterSnowMovCost,DefaultAvoid,DefaultDef,DefaultRes,0x0
Uber Sage,0x4ad,0x24e,0x5a,0x21,0x1d,0,0xc9,0x1b,19,4,6,5,3,6,7,6,60,30,28,26,30,30,20,0x3,45,45,30,25,10,40,15,3,1,1,0,3,3,0x0,0x1,0x0,0x0,0,0,0,0,1,71,0,0,0x8c9955c,MageMovCost,MageRainMovCost,MageSnowMovCost,DefaultAvoid,DefaultDef,DefaultRes,0x0
Archer in Ballista,0x0,0x0,0x5b,0x0,0x4f,0,0x0,0x0,0,0,0,0,0,0,0,0,0,0,0,0,0,0,0,0x3,0,0,0,0,0,10,0,0,0,0,0,0,0,0x0,0x0,0x0,0x0,0,0,0,0,0,0,0,0,0x0,0x0,0x0,0x0,DefaultAvoid,DefaultDef,DefaultRes,0x0
Archer in Iron Ballista,0x0,0x0,0x5c,0x0,0x50,0,0x0,0x0,0,0,0,0,0,0,0,0,0,0,0,0,0,0,0,0x0,0,0,0,0,0,0,0,0,0,0,0,0,0,0x0,0x0,0x0,0x0,0,0,0,0,0,0,0,0,0x0,0x0,0x0,0x0,DefaultAvoid,DefaultDef,DefaultRes,0x0
Archer in Killer Ballista,0x0,0x0,0x5d,0x0,0x51,0,0x0,0x0,0,0,0,0,0,0,0,0,0,0,0,0,0,0,0,0x0,0,0,0,0,0,0,0,0,0,0,0,0,0,0x0,0x0,0x0,0x0,0,0,0,0,0,0,0,0,0x0,0x0,0x0,0x0,DefaultAvoid,DefaultDef,DefaultRes,0x0
Empty Ballista,0x0,0x0,0x5e,0x0,0x52,0,0x0,0x0,0,0,0,0,0,0,0,0,0,0,0,0,0,0,0,0x0,0,0,0,0,0,0,0,0,0,0,0,0,0,0x0,0x0,0x0,0x0,0,0,0,0,0,0,0,0,0x0,0x0,0x0,0x0,DefaultAvoid,DefaultDef,DefaultRes,0x0
Empty Iron Ballista,0x0,0x0,0x5f,0x0,0x53,0,0x0,0x0,0,0,0,0,0,0,0,0,0,0,0,0,0,0,0,0x0,0,0,0,0,0,0,0,0,0,0,0,0,0,0x0,0x0,0x0,0x0,0,0,0,0,0,0,0,0,0x0,0x0,0x0,0x0,DefaultAvoid,DefaultDef,DefaultRes,0x0
Empty Killer Ballista,0x0,0x0,0x60,0x0,0x54,0,0x0,0x0,0,0,0,0,0,0,0,0,0,0,0,0,0,0,0,0x0,0,0,0,0,0,0,0,0,0,0,0,0,0,0x0,0x0,0x0,0x0,0,0,0,0,0,0,0,0,0x0,0x0,0x0,0x0,DefaultAvoid,DefaultDef,DefaultRes,0x0
Mage,0x0,0x23c,0x61,0x22,0x1a,0,GenericClassCard,0x18,16,1,2,3,3,3,6,5,60,20,20,20,20,20,20,0x3,55,55,40,35,5,30,20,0,0,0,0,0,0,0x0,0x0,0x0,0x0,0,0,0,0,0,31,0,0,0x8c99284,MageMovCost,MageRainMovCost,MageSnowMovCost,DefaultAvoid,DefaultDef,DefaultRes,0x0
Mage,0x0,0x23c,98,0x22,0x1a,0,GenericClassCard,0x18,16,1,2,3,3,3,6,5,60,20,20,20,20,20,20,0x3,55,55,40,35,5,30,20,0,0,0,0,0,0,0x0,0x0,0x0,0x0,0,0,0,0,0,31,0,0,0x8c99284,MageMovCost,MageRainMovCost,MageSnowMovCost,DefaultAvoid,DefaultDef,DefaultRes,0x0
Mage,0x0,0x23c,99,0x22,0x1a,0,GenericClassCard,0x18,16,1,2,3,3,3,6,5,60,20,20,20,20,20,20,0x3,55,55,40,35,5,30,20,0,0,0,0,0,0,0x0,0x0,0x0,0x0,0,0,0,0,0,31,0,0,0x8c99284,MageMovCost,MageRainMovCost,MageSnowMovCost,DefaultAvoid,DefaultDef,DefaultRes,0x0
Mage,0x0,0x23c,100,0x22,0x1a,0,GenericClassCard,0x18,16,1,2,3,3,3,6,5,60,20,20,20,20,20,20,0x3,55,55,40,35,5,30,20,0,0,0,0,0,0,0x0,0x0,0x0,0x0,0,0,0,0,0,31,0,0,0x8c99284,MageMovCost,MageRainMovCost,MageSnowMovCost,DefaultAvoid,DefaultDef,DefaultRes,0x0
Mage,0x0,0x23c,101,0x22,0x1a,0,GenericClassCard,0x18,16,1,2,3,3,3,6,5,60,20,20,20,20,20,20,0x3,55,55,40,35,5,30,20,0,0,0,0,0,0,0x0,0x0,0x0,0x0,0,0,0,0,0,31,0,0,0x8c99284,MageMovCost,MageRainMovCost,MageSnowMovCost,DefaultAvoid,DefaultDef,DefaultRes,0x0
Mage,0x0,0x23c,102,0x22,0x1a,0,GenericClassCard,0x18,16,1,2,3,3,3,6,5,60,20,20,20,20,20,20,0x3,55,55,40,35,5,30,20,0,0,0,0,0,0,0x0,0x0,0x0,0x0,0,0,0,0,0,31,0,0,0x8c99284,MageMovCost,MageRainMovCost,MageSnowMovCost,DefaultAvoid,DefaultDef,DefaultRes,0x0
Mage,0x0,0x23c,103,0x22,0x1a,0,GenericClassCard,0x18,16,1,2,3,3,3,6,5,60,20,20,20,20,20,20,0x3,55,55,40,35,5,30,20,0,0,0,0,0,0,0x0,0x0,0x0,0x0,0,0,0,0,0,31,0,0,0x8c99284,MageMovCost,MageRainMovCost,MageSnowMovCost,DefaultAvoid,DefaultDef,DefaultRes,0x0
Mage,0x0,0x23c,104,0x22,0x1a,0,GenericClassCard,0x18,16,1,2,3,3,3,6,5,60,20,20,20,20,20,20,0x3,55,55,40,35,5,30,20,0,0,0,0,0,0,0x0,0x0,0x0,0x0,0,0,0,0,0,31,0,0,0x8c99284,MageMovCost,MageRainMovCost,MageSnowMovCost,DefaultAvoid,DefaultDef,DefaultRes,0x0
Mage,0x0,0x23c,105,0x22,0x1a,0,GenericClassCard,0x18,16,1,2,3,3,3,6,5,60,20,20,20,20,20,20,0x3,55,55,40,35,5,30,20,0,0,0,0,0,0,0x0,0x0,0x0,0x0,0,0,0,0,0,31,0,0,0x8c99284,MageMovCost,MageRainMovCost,MageSnowMovCost,DefaultAvoid,DefaultDef,DefaultRes,0x0
Mage,0x0,0x23c,106,0x22,0x1a,0,GenericClassCard,0x18,16,1,2,3,3,3,6,5,60,20,20,20,20,20,20,0x3,55,55,40,35,5,30,20,0,0,0,0,0,0,0x0,0x0,0x0,0x0,0,0,0,0,0,31,0,0,0x8c99284,MageMovCost,MageRainMovCost,MageSnowMovCost,DefaultAvoid,DefaultDef,DefaultRes,0x0
Mage,0x0,0x23c,107,0x22,0x1a,0,GenericClassCard,0x18,16,1,2,3,3,3,6,5,60,20,20,20,20,20,20,0x3,55,55,40,35,5,30,20,0,0,0,0,0,0,0x0,0x0,0x0,0x0,0,0,0,0,0,31,0,0,0x8c99284,MageMovCost,MageRainMovCost,MageSnowMovCost,DefaultAvoid,DefaultDef,DefaultRes,0x0
Mage,0x0,0x23c,108,0x22,0x1a,0,GenericClassCard,0x18,16,1,2,3,3,3,6,5,60,20,20,20,20,20,20,0x3,55,55,40,35,5,30,20,0,0,0,0,0,0,0x0,0x0,0x0,0x0,0,0,0,0,0,31,0,0,0x8c99284,MageMovCost,MageRainMovCost,MageSnowMovCost,DefaultAvoid,DefaultDef,DefaultRes,0x0
Mage,0x0,0x23c,109,0x22,0x1a,0,GenericClassCard,0x18,16,1,2,3,3,3,6,5,60,20,20,20,20,20,20,0x3,55,55,40,35,5,30,20,0,0,0,0,0,0,0x0,0x0,0x0,0x0,0,0,0,0,0,31,0,0,0x8c99284,MageMovCost,MageRainMovCost,MageSnowMovCost,DefaultAvoid,DefaultDef,DefaultRes,0x0
Mage,0x0,0x23c,110,0x22,0x1a,0,GenericClassCard,0x18,16,1,2,3,3,3,6,5,60,20,20,20,20,20,20,0x3,55,55,40,35,5,30,20,0,0,0,0,0,0,0x0,0x0,0x0,0x0,0,0,0,0,0,31,0,0,0x8c99284,MageMovCost,MageRainMovCost,MageSnowMovCost,DefaultAvoid,DefaultDef,DefaultRes,0x0
Mage,0x0,0x23c,111,0x22,0x1a,0,GenericClassCard,0x18,16,1,2,3,3,3,6,5,60,20,20,20,20,20,20,0x3,55,55,40,35,5,30,20,0,0,0,0,0,0,0x0,0x0,0x0,0x0,0,0,0,0,0,31,0,0,0x8c99284,MageMovCost,MageRainMovCost,MageSnowMovCost,DefaultAvoid,DefaultDef,DefaultRes,0x0
Mage,0x0,0x23c,112,0x22,0x1a,0,GenericClassCard,0x18,16,1,2,3,3,3,6,5,60,20,20,20,20,20,20,0x3,55,55,40,35,5,30,20,0,0,0,0,0,0,0x0,0x0,0x0,0x0,0,0,0,0,0,31,0,0,0x8c99284,MageMovCost,MageRainMovCost,MageSnowMovCost,DefaultAvoid,DefaultDef,DefaultRes,0x0
Mage,0x0,0x23c,113,0x22,0x1a,0,GenericClassCard,0x18,16,1,2,3,3,3,6,5,60,20,20,20,20,20,20,0x3,55,55,40,35,5,30,20,0,0,0,0,0,0,0x0,0x0,0x0,0x0,0,0,0,0,0,31,0,0,0x8c99284,MageMovCost,MageRainMovCost,MageSnowMovCost,DefaultAvoid,DefaultDef,DefaultRes,0x0
Mage,0x0,0x23c,114,0x22,0x1a,0,GenericClassCard,0x18,16,1,2,3,3,3,6,5,60,20,20,20,20,20,20,0x3,55,55,40,35,5,30,20,0,0,0,0,0,0,0x0,0x0,0x0,0x0,0,0,0,0,0,31,0,0,0x8c99284,MageMovCost,MageRainMovCost,MageSnowMovCost,DefaultAvoid,DefaultDef,DefaultRes,0x0
Mage,0x0,0x23c,115,0x22,0x1a,0,GenericClassCard,0x18,16,1,2,3,3,3,6,5,60,20,20,20,20,20,20,0x3,55,55,40,35,5,30,20,0,0,0,0,0,0,0x0,0x0,0x0,0x0,0,0,0,0,0,31,0,0,0x8c99284,MageMovCost,MageRainMovCost,MageSnowMovCost,DefaultAvoid,DefaultDef,DefaultRes,0x0
Mage,0x0,0x23c,116,0x22,0x1a,0,GenericClassCard,0x18,16,1,2,3,3,3,6,5,60,20,20,20,20,20,20,0x3,55,55,40,35,5,30,20,0,0,0,0,0,0,0x0,0x0,0x0,0x0,0,0,0,0,0,31,0,0,0x8c99284,MageMovCost,MageRainMovCost,MageSnowMovCost,DefaultAvoid,DefaultDef,DefaultRes,0x0
Mage,0x0,0x23c,117,0x22,0x1a,0,GenericClassCard,0x18,16,1,2,3,3,3,6,5,60,20,20,20,20,20,20,0x3,55,55,40,35,5,30,20,0,0,0,0,0,0,0x0,0x0,0x0,0x0,0,0,0,0,0,31,0,0,0x8c99284,MageMovCost,MageRainMovCost,MageSnowMovCost,DefaultAvoid,DefaultDef,DefaultRes,0x0
Mage,0x0,0x23c,118,0x22,0x1a,0,GenericClassCard,0x18,16,1,2,3,3,3,6,5,60,20,20,20,20,20,20,0x3,55,55,40,35,5,30,20,0,0,0,0,0,0,0x0,0x0,0x0,0x0,0,0,0,0,0,31,0,0,0x8c99284,MageMovCost,MageRainMovCost,MageSnowMovCost,DefaultAvoid,DefaultDef,DefaultRes,0x0
Mage,0x0,0x23c,119,0x22,0x1a,0,GenericClassCard,0x18,16,1,2,3,3,3,6,5,60,20,20,20,20,20,20,0x3,55,55,40,35,5,30,20,0,0,0,0,0,0,0x0,0x0,0x0,0x0,0,0,0,0,0,31,0,0,0x8c99284,MageMovCost,MageRainMovCost,MageSnowMovCost,DefaultAvoid,DefaultDef,DefaultRes,0x0
Mage,0x0,0x23c,120,0x22,0x1a,0,GenericClassCard,0x18,16,1,2,3,3,3,6,5,60,20,20,20,20,20,20,0x3,55,55,40,35,5,30,20,0,0,0,0,0,0,0x0,0x0,0x0,0x0,0,0,0,0,0,31,0,0,0x8c99284,MageMovCost,MageRainMovCost,MageSnowMovCost,DefaultAvoid,DefaultDef,DefaultRes,0x0
Mage,0x0,0x23c,121,0x22,0x1a,0,GenericClassCard,0x18,16,1,2,3,3,3,6,5,60,20,20,20,20,20,20,0x3,55,55,40,35,5,30,20,0,0,0,0,0,0,0x0,0x0,0x0,0x0,0,0,0,0,0,31,0,0,0x8c99284,MageMovCost,MageRainMovCost,MageSnowMovCost,DefaultAvoid,DefaultDef,DefaultRes,0x0
Mage,0x0,0x23c,122,0x22,0x1a,0,GenericClassCard,0x18,16,1,2,3,3,3,6,5,60,20,20,20,20,20,20,0x3,55,55,40,35,5,30,20,0,0,0,0,0,0,0x0,0x0,0x0,0x0,0,0,0,0,0,31,0,0,0x8c99284,MageMovCost,MageRainMovCost,MageSnowMovCost,DefaultAvoid,DefaultDef,DefaultRes,0x0
Mage,0x0,0x23c,123,0x22,0x1a,0,GenericClassCard,0x18,16,1,2,3,3,3,6,5,60,20,20,20,20,20,20,0x3,55,55,40,35,5,30,20,0,0,0,0,0,0,0x0,0x0,0x0,0x0,0,0,0,0,0,31,0,0,0x8c99284,MageMovCost,MageRainMovCost,MageSnowMovCost,DefaultAvoid,DefaultDef,DefaultRes,0x0
Mage,0x0,0x23c,124,0x22,0x1a,0,GenericClassCard,0x18,16,1,2,3,3,3,6,5,60,20,20,20,20,20,20,0x3,55,55,40,35,5,30,20,0,0,0,0,0,0,0x0,0x0,0x0,0x0,0,0,0,0,0,31,0,0,0x8c99284,MageMovCost,MageRainMovCost,MageSnowMovCost,DefaultAvoid,DefaultDef,DefaultRes,0x0
Mage,0x0,0x23c,125,0x22,0x1a,0,GenericClassCard,0x18,16,1,2,3,3,3,6,5,60,20,20,20,20,20,20,0x3,55,55,40,35,5,30,20,0,0,0,0,0,0,0x0,0x0,0x0,0x0,0,0,0,0,0,31,0,0,0x8c99284,MageMovCost,MageRainMovCost,MageSnowMovCost,DefaultAvoid,DefaultDef,DefaultRes,0x0
Mage,0x0,0x23c,126,0x22,0x1a,0,GenericClassCard,0x18,16,1,2,3,3,3,6,5,60,20,20,20,20,20,20,0x3,55,55,40,35,5,30,20,0,0,0,0,0,0,0x0,0x0,0x0,0x0,0,0,0,0,0,31,0,0,0x8c99284,MageMovCost,MageRainMovCost,MageSnowMovCost,DefaultAvoid,DefaultDef,DefaultRes,0x0
Mage,0x0,0x23c,127,0x22,0x1a,0,GenericClassCard,0x18,16,1,2,3,3,3,6,5,60,20,20,20,20,20,20,0x3,55,55,40,35,5,30,20,0,0,0,0,0,0,0x0,0x0,0x0,0x0,0,0,0,0,0,31,0,0,0x8c99284,MageMovCost,MageRainMovCost,MageSnowMovCost,DefaultAvoid,DefaultDef,DefaultRes,0x0
AlmT1,Alm_T1Name,Alm_T1Desc,128,AlmT2,Alm_T1SMS,0,GenericClassCard,0x18,28,10,7,6,6,4,8,5,60,20,20,20,20,20,20,0x3,150,50,50,50,50,50,0,0,0,0,0,0,0,0x0,0x0,0x0,0x50,31,0,0,0,0,0,0,0,Alm_T1_Anim,LordMovCost,LordRainMovCost,LordSnowMovCost,DefaultAvoid,DefaultDef,DefaultRes,0x0
AlmT2,Alm_T2Name,Alm_T2Desc,129,AlmT1,Alm_T2SMS,0,GenericClassCard,0x18,36,16,14,14,10,4,10,6,60,40,40,40,40,40,20,0x3,150,50,50,50,50,50,0,0,0,0,0,0,0,0x0,0x1,0x0,0x50,71,0,0,71,0,0,0,0,Alm_T2_Anim,LordMovCost,LordRainMovCost,LordSnowMovCost,DefaultAvoid,DefaultDef,DefaultRes,0x0
IkeLord,Ike_LordName,Ike_LordDesc,130,IkeRanger,Ike_LordSMS,0,GenericClassCard,0x18,22,6,5,6,8,2,9,7,60,26,27,28,24,22,20,0x3,90,45,40,45,15,20,45,4,3,2,2,3,2,0x0,0x1,0x0,0x50,71,0,0,0,0,0,0,0,Ike_Lord_Anim,LordMovCost,LordRainMovCost,LordSnowMovCost,DefaultAvoid,DefaultDef,DefaultRes,0x0
IkeRanger,Ike_RangerName,Ike_RangerDesc,131,IkeLord,Ike_RangerSMS,0,GenericClassCard,0x18,18,3,3,4,5,0,9,6,60,20,20,20,20,20,20,0x3,90,45,30,45,15,20,40,0,0,0,0,0,0,0x0,0x0,0x0,0x50,31,0,0,0,0,0,0,0,Ike_Ranger_Anim,LordMovCost,LordRainMovCost,LordSnowMovCost,DefaultAvoid,DefaultDef,DefaultRes,0x0
LeifLord,Leif_LordName,Leif_LordDesc,132,SeliphLord,Leif_LordSMS,0,GenericClassCard,0x18,18,4,2,3,2,0,5,6,60,26,27,28,24,22,20,0x3,70,35,35,40,25,10,40,0,0,0,0,0,0,0x0,0x0,0x0,0x50,1,0,0,0,0,0,0,0,Leif_Lord_Anim,LordMovCost,LordRainMovCost,LordSnowMovCost,DefaultAvoid,DefaultDef,DefaultRes,0x0
MarthLord,Marth_SlashName,Marth_SlashDesc,133,MarthLord,Marth_SlashSMS,0,GenericClassCard,0x18,18,4,3,6,6,0,5,7,60,26,27,28,24,22,20,0x3,60,27,30,30,22,5,0,0,0,0,0,0,0,0x0,0x0,0x0,0x50,1,0,0,0,0,0,0,0,Marth_Slash_Anim,LordMovCost,LordRainMovCost,LordSnowMovCost,DefaultAvoid,DefaultDef,DefaultRes,0x0
SeliphLord,SeliphName,SeliphDesc,134,SeliphLord,SeliphSMS,0,GenericClassCard,0x18,40,10,7,7,7,3,5,8,60,26,27,28,24,22,20,0x3,100,30,30,30,30,10,0,0,5,2,2,2,3,0x3,0x5,0x0,0x50,31,71,0,0,0,0,0,0,Seliph_Anim,CavMovCost,CavRainMovCost,CavSnowMovCost,DefaultAvoid,DefaultDef,DefaultRes,0x0
Lancer,T1_LancerName,T1_LancerDesc,135,Paladin_F,T1_LancerSMS,0,GenericClassCard,0x18,17,5,5,5,5,2,5,5,60,20,20,20,20,20,20,0x3,70,50,45,45,50,35,25,0,0,0,0,0,0,0x0,0x0,0x0,0x0,1,1,0,0,0,0,0,0,T1_Lancer_Anim,DefaultMovCost,DefaultRainMovCost,DefaultSnowMovCost,DefaultAvoid,DefaultDef,DefaultRes,0x0
Trueblade,TruebladeName,TruebladeDesc,136,Swordmaster,TruebladeSMS,0,GenericClassCard,0x18,49,19,23,21,16,6,11,7,60,32,40,40,26,24,20,0x3,55,50,60,60,40,50,15,4,2,2,2,2,4,0x40,0x1,0x2,0x0,181,0,0,0,0,0,0,0,Trueblade_Anim,LordMovCost,LordRainMovCost,LordSnowMovCost,DefaultAvoid,DefaultDef,DefaultRes,0x0
Fencer,Katarina_FencerName,Katarina_FencerDesc,137,BladeLord,Katarina_FencerSMS,0,GenericClassCard,0x18,28,4,4,4,2,3,6,6,60,20,20,20,20,20,20,0x3,100,10,70,85,40,15,70,0,0,0,0,0,0,0x0,0x0,0x0,0x0,31,0,0,0,0,0,0,0,Katarina_Fencer_Anim,LordMovCost,LordRainMovCost,LordSnowMovCost,DefaultAvoid,DefaultDef,DefaultRes,0x0
Dragoon,DragoonName,DragoonDesc,138,Militia,DragoonSMS,0,GenericClassCard,0x18,26,7,10,7,6,2,11,6,60,28,30,29,26,25,20,0x3,75,30,36,25,30,30,35,4,3,2,2,2,2,0x0,0x1,0x0,0x0,0,181,0,0,0,0,0,0,Dragoon_Anim,DefaultMovCost,DefaultRainMovCost,DefaultSnowMovCost,DefaultAvoid,DefaultDef,DefaultRes,0x0
Lancer2,Lancer_by_SALVAGEDName,Lancer_by_SALVAGEDDesc,139,Warbird,Lancer_by_SALVAGEDSMS,0,GenericClassCard,0x18,20,6,7,6,4,2,5,5,60,20,20,20,20,20,20,0x3,70,50,55,45,45,40,25,0,0,0,0,0,0,0x0,0x0,0x0,0x0,0,1,0,0,0,0,0,0,Lancer_by_SALVAGED_Anim,DefaultMovCost,DefaultRainMovCost,DefaultSnowMovCost,DefaultAvoid,DefaultDef,DefaultRes,0x0
Militia,MilitiaName,MilitiaDesc,140,Dragoon,MilitiaSMS,0,GenericClassCard,0x18,36,7,3,3,3,2,8,5,60,20,20,20,20,20,20,0x3,80,40,40,40,40,0,0,0,0,0,0,0,0,0x0,0x0,0x0,0x0,0,1,0,0,0,0,0,0,Militia_Anim,FighterMovCost,FighterRainMovCost,FighterSnowMovCost,DefaultAvoid,DefaultDef,DefaultRes,0x0
Halberdier,HalberdierName,HalberdierDesc,141,Sentinel,HalberdierSMS,0,GenericClassCard,0x18,27,10,11,10,9,5,9,6,60,25,28,26,28,25,20,0x3,75,45,45,40,45,40,25,4,2,2,2,2,2,0x0,0x1,0x0,0x0,0,71,1,0,0,0,0,0,Halberdier_Anim,DefaultMovCost,DefaultRainMovCost,DefaultSnowMovCost,DefaultAvoid,DefaultDef,DefaultRes,0x0
Marauder,Mounted_MarauderName,Mounted_MarauderDesc,142,Brigand,Mounted_MarauderSMS,0,GenericClassCard,0x18,30,10,3,11,4,3,14,8,60,28,25,30,24,21,20,0x3,80,40,35,40,15,5,20,4,2,2,2,2,0,0x3,0x1,0x0,0x0,0,0,1,0,0,0,0,0,Mounted_Marauder_Anim,CavMovCost,MageRainMovCost,MageSnowMovCost,DefaultAvoid,DefaultDef,DefaultRes,0x0
Sentinel,SentinelName,SentinelDesc,143,Halberdier,SentinelSMS,0,GenericClassCard,0x18,53,21,21,17,21,8,12,7,60,35,35,33,34,27,20,0x3,75,45,45,40,45,40,25,4,2,2,2,2,4,0x40,0x1,0x0,0x0,1,181,1,0,0,0,0,0,Sentinel_Anim,DefaultMovCost,DefaultRainMovCost,DefaultSnowMovCost,DefaultAvoid,DefaultDef,DefaultRes,0x0
Warbird,WarbirdName,WarbirdDesc,144,Knight_F,WarbirdSMS,0,GenericClassCard,0x18,20,9,15,12,8,4,11,7,60,28,36,30,27,25,20,0x3,40,40,60,50,35,30,45,4,2,3,3,2,2,0x80,0x1,0x0,0x0,0,31,0,1,0,0,0,0,Warbird_Anim,FlierMovCost,FlierRainCost,FlierSnowCost,FlierAvoid,FlierDef,FlierRes,0x0
SupplierAnna,Supplier_AnnaName,Supplier_AnnaDesc,145,Baron,Supplier_AnnaSMS,0,GenericClassCard,0x18,18,3,2,2,4,1,6,5,60,20,20,20,20,20,20,0x3,95,30,20,30,40,20,25,0,0,0,0,0,0,0x0,0x0,0x0,0x0,0,1,0,1,1,0,0,0,Supplier_Anna_Anim,DefaultMovCost,MageRainMovCost,MageSnowMovCost,DefaultAvoid,DefaultDef,DefaultRes,0x0
Baron,BaronName,BaronDesc,146,Knight,BaronSMS,1,GenericClassCard,0x18,38,16,6,4,15,7,10,5,60,31,30,30,31,34,20,0x3,111,45,45,40,41,3,0,4,2,2,2,2,2,0x0,0x1,0x0,0x0,1,31,1,1,1,1,0,0,Baron_Anim,KnightMovCost,KnightRainMovCost,KnightSnowMovCost,DefaultAvoid,DefaultDef,DefaultRes,0x0
Brighid,BrighidName,BrighidDesc,147,Marauder,BrighidSMS,0,GenericClassCard,0x18,20,5,3,3,4,1,8,5,60,20,20,20,20,20,20,0x3,50,20,30,20,20,5,10,0,0,0,0,0,0,0x0,0x0,0x0,0x0,0,0,1,0,0,0,0,0,Brighid_Anim,LordMovCost,LordRainMovCost,LordSnowMovCost,DefaultAvoid,DefaultDef,DefaultRes,0x0
FlailKnight,Flail_KnightName,Flail_KnightDesc,148,HeavyInfantry,Flail_KnightSMS,0,GenericClassCard,0x18,24,9,1,2,5,1,9,5,60,20,20,20,20,20,20,0x3,50,40,20,30,40,20,40,0,0,0,0,0,0,0x0,0x0,0x0,0x0,0,0,1,0,0,0,0,0,Flail_Knight_Anim,DefaultMovCost,MageRainMovCost,MageSnowMovCost,DefaultAvoid,DefaultDef,DefaultRes,0x0
Gladiator,GladiatorName,GladiatorDesc,149,Harbinger,GladiatorSMS,0,GenericClassCard,0x18,22,8,4,5,6,0,10,5,60,20,20,20,20,20,20,0x3,40,40,30,20,30,20,40,0,0,0,0,0,0,0x0,0x0,0x0,0x0,1,0,1,0,0,0,0,0,Gladiator_Anim,LordMovCost,LordRainMovCost,LordSnowMovCost,DefaultAvoid,DefaultDef,DefaultRes,0x0
Harbinger,HarbingerName,HarbingerDesc,150,Gladiator,HarbingerSMS,1,GenericClassCard,0x18,45,10,10,3,9,5,15,5,60,35,35,25,35,35,20,0x3,90,45,55,35,40,30,0,4,2,2,3,2,3,0x0,0x1,0x0,0x0,1,1,1,0,0,1,0,DRank,Harbinger_Anim,KnightMovCost,KnightRainMovCost,KnightSnowMovCost,DefaultAvoid,DefaultDef,DefaultRes,0x0
HeavyInfantry,Heavy_InfantryName,Heavy_InfantryDesc,151,FlailKnight,Heavy_InfantrySMS,1,GenericClassCard,0x18,38,11,2,2,13,4,13,5,60,30,26,23,30,28,20,0x3,50,40,20,30,40,20,40,3,2,2,3,3,2,0x0,0x1,0x0,0x0,1,1,1,0,0,0,0,0,Heavy_Infantry_Anim,KnightMovCost,KnightRainMovCost,KnightSnowMovCost,DefaultAvoid,DefaultDef,DefaultRes,0x0
LegionKing,Legion_KingName,Legion_KingDesc,152,Knight,Legion_KingSMS,1,GenericClassCard,0x18,46,26,8,6,22,8,16,6,60,40,40,40,40,40,20,0x3,40,50,30,35,30,20,55,0,5,0,0,5,0,0x0,0x1,0x0,0x0,1,1,1,0,0,1,0,0,Legion_King_Anim,KnightMovCost,KnightRainMovCost,KnightSnowMovCost,DefaultAvoid,DefaultDef,DefaultRes,0x0
Mercenary2,Mercenary_by_SALVAGEDName,Mercenary_by_SALVAGEDDesc,153,Hero,Mercenary_by_SALVAGEDSMS,0,GenericClassCard,0x18,24,6,7,8,5,1,8,6,60,20,20,20,20,20,20,0x3,90,30,30,30,20,3,20,0,3,2,2,3,1,0x0,0x0,0x0,0x0,31,0,1,0,0,0,0,0,Mercenary_by_SALVAGED_Anim,DefaultMovCost,DefaultRainMovCost,DefaultSnowMovCost,DefaultAvoid,DefaultDef,DefaultRes,0x0
Phantom,Phantom_by_TBAName,Phantom_by_TBADesc,154,Harbinger,Phantom_by_TBASMS,0,GenericClassCard,0x18,1,5,2,4,0,0,11,5,60,20,20,20,20,20,20,0x3,0,55,35,45,15,15,50,0,0,0,0,0,0,0x0,0x0,0x0,0x0,0,0,71,0,0,0,0,0,Phantom_by_TBA_Anim,FlierMovCost,FlierRainCost,FlierSnowCost,FlierAvoid,FlierDef,FlierRes,0x0
WarCleric,War_ClericName,War_ClericDesc,155,Cleric,War_ClericSMS,0,GenericClassCard,0x18,28,11,7,8,10,8,10,6,60,40,38,41,38,43,20,0x3,90,40,30,45,30,40,45,3,4,4,3,1,5,0x0,0x1,0x0,0x0,0,0,1,0,31,0,0,0,War_Cleric_Anim,MageMovCost,MageRainMovCost,MageSnowMovCost,DefaultAvoid,DefaultDef,DefaultRes,0x0
Adventurer,AdventurerName,AdventurerDesc,156,Archer,AdventurerSMS,0,GenericClassCard,0x18,17,6,6,10,3,8,7,6,60,31,27,34,25,34,20,0x3,75,55,35,60,30,65,20,1,5,2,2,1,4,0x80,0x1,0x0,0x0,0,0,0,1,1,0,0,0,Adventurer_Anim,ThiefMovCost,ThiefRainMovCost,ThiefSnowMovCost,DefaultAvoid,DefaultDef,DefaultRes,0x0
Fletchling,FletchlingName,FletchlingDesc,157,Archer,FletchlingSMS,0,GenericClassCard,0x18,16,4,3,4,1,0,4,5,60,20,20,20,20,20,20,0x1,55,55,40,35,30,10,40,0,0,0,0,0,0,0x0,0x0,0x0,0x0,0,0,0,1,0,0,0,0,Fletchling_Anim,MageMovCost,MageRainMovCost,MageSnowMovCost,DefaultAvoid,DefaultDef,DefaultRes,0x0
Hunter,HunterName,HunterDesc,158,NomadTrooper,HunterSMS,0,GenericClassCard,0x18,21,5,2,5,3,0,8,6,60,20,20,20,20,20,20,0x3,60,10,30,30,10,5,0,0,0,0,0,0,0,0x80,0x0,0x0,0x0,0,0,0,1,0,0,0,0,Hunter_Anim,FighterMovCost,FighterRainMovCost,FighterSnowMovCost,DefaultAvoid,DefaultDef,DefaultRes,0x0
MerlinusTransport,Merlinus_TransportName,Merlinus_TransportDesc,159,TransporterHorse,Merlinus_TransportSMS,0,GenericClassCard,0x18,15,0,3,3,3,0,25,5,60,20,20,20,20,20,25,0x1,10,0,0,0,0,10,0,0,0,0,0,0,0,0x3,0x5,0x0,0x0,1,0,0,1,1,0,0,0,Merlinus_Transport_Anim,TransporterMovCost,TransporterRainMovCost,TransporterSnowMovCost,DefaultAvoid,DefaultDef,DefaultRes,0x0
Miko,MikoName,MikoDesc,160,Cleric,MikoSMS,0,GenericClassCard,0x18,19,7,6,9,5,8,6,6,50,32,30,33,26,34,20,0x3,80,55,50,55,35,65,35,3,6,1,4,3,3,0x0,0x1,0x0,0x0,0,1,0,1,1,0,0,0,Miko_Anim,MageMovCost,MageRainMovCost,MageSnowMovCost,DefaultAvoid,DefaultDef,DefaultRes,0x0
SkeletonRider,Skeleton_RiderName,Skeleton_RiderDesc,161,SkeletonRider,Skeleton_RiderSMS,0,GenericClassCard,0x18,24,8,3,6,5,2,7,6,60,24,27,25,22,21,20,0x3,107,48,40,37,30,10,10,0,0,0,0,0,0,0x1,0x0,0x0,0x0,0,0,0,71,0,0,0,CRank,Skeleton_Rider_Anim,FlierMovCost,FlierRainCost,FlierSnowCost,FlierAvoid,FlierDef,FlierRes,0x0
Angel,AngelName,AngelDesc,162,Parson,AngelSMS,0,GenericClassCard,0x18,30,10,10,5,4,10,7,6,60,40,35,32,30,40,20,0x3,55,55,40,35,20,45,60,3,3,3,3,3,3,0x0,0x1,0x0,0x0,0,0,0,0,71,0,71,0,Angel_Anim,FlierMovCost,FlierRainCost,FlierSnowCost,FlierAvoid,FlierDef,FlierRes,0x0
Arcanist,Arcanist_by_Devisian_NightsName,Arcanist_by_Devisian_NightsDesc,163,Arcanist2,Arcanist_U_Unfinished_Norikinsstand,0,GenericClassCard,0x18,28,8,3,4,5,8,7,5,60,20,20,20,20,20,20,0x3,20,40,40,15,5,15,5,0,0,0,0,0,0,0x0,0x0,0x0,0x0,0,0,0,0,0,0,0,DRank,Arcanist_by_Devisian_Nights_Anim,MageMovCost,MageRainMovCost,MageSnowMovCost,DefaultAvoid,DefaultDef,DefaultRes,0x0
Arcanist2,Arcanist_by_NuramonName,Arcanist_by_NuramonDesc,164,Arcanist,Arcanist_by_NuramonSMS,0,GenericClassCard,0x18,30,12,8,7,6,9,8,6,60,40,40,40,40,40,20,0x3,25,45,45,15,5,10,5,2,4,5,3,1,1,0x0,0x1,0x0,0x0,0,0,0,0,1,0,0,CRank,Arcanist_by_Nuramon_Anim,MageMovCost,MageRainMovCost,MageSnowMovCost,DefaultAvoid,DefaultDef,DefaultRes,0x0
Cantor,Cantor_JedahName,Cantor_JedahDesc,165,Cantor2,Cantor_JedahSMS,0,GenericClassCard,0x18,32,12,8,7,6,9,7,5,60,20,20,20,20,20,20,0x3,30,45,20,15,5,35,10,4,4,3,1,1,1,0x0,0x1,0x0,0x0,0,0,0,0,181,0,0,181,Cantor_Jedah_Anim,MageMovCost,MageRainMovCost,MageSnowMovCost,DefaultAvoid,DefaultDef,DefaultRes,0x0
Cantor2,Cantor_byName,Cantor_byDesc,166,Cantor,Cantor_bySMS,0,GenericClassCard,0x18,32,12,8,7,6,9,8,5,60,40,40,40,40,40,20,0x3,25,45,40,10,5,30,5,4,4,3,1,1,1,0x0,0x1,0x0,0x0,0,0,0,0,1,0,0,CRank,Cantor_by_Anim,MageMovCost,MageRainMovCost,MageSnowMovCost,DefaultAvoid,DefaultDef,DefaultRes,0x0
DarkPrince,Dark_PrinceName,Dark_PrinceDesc,167,Mage,Dark_PrinceSMS,0,GenericClassCard,0x18,30,15,12,12,10,15,5,6,60,30,27,27,25,30,20,0x3,45,55,30,25,10,35,20,4,5,6,6,9,10,0x0,0x1,0x0,0x0,0,0,0,0,0,181,0,181,Dark_Prince_Anim,MageMovCost,MageRainMovCost,MageSnowMovCost,DefaultAvoid,DefaultDef,DefaultRes,0x0
DreadFighter,Dread_FighterName,Dread_FighterDesc,168,Myrmidon,Dread_FighterSMS,0,GenericClassCard,0x18,29,12,11,13,9,10,9,6,60,38,36,39,36,39,20,0x3,80,40,40,40,25,25,40,0,3,3,0,1,7,0x0,0x1,0x0,0x0,31,0,0,0,0,1,0,0,Dread_Fighter_Anim,LordMovCost,LordRainMovCost,LordSnowMovCost,DefaultAvoid,DefaultDef,DefaultRes,0x0
Executioner,ExecutionerName,ExecutionerDesc,169,Shaman,ExecutionerSMS,0,GenericClassCard,0x18,19,10,15,9,5,7,8,6,60,25,30,28,21,23,20,0x3,40,45,60,50,25,30,20,4,2,4,1,0,2,0x0,0x1,0x0,0x0,31,0,0,0,0,0,0,DRank,Executioner_Anim,ThiefMovCost,ThiefRainMovCost,ThiefSnowMovCost,DefaultAvoid,DefaultDef,DefaultRes,0x0
Dancer2,FE8_TethysName,FE8_TethysDesc,170,Dancer,FE8_TethysSMS,0,GenericClassCard,0x18,16,1,2,3,3,3,6,5,60,20,20,20,20,20,20,0x2,55,55,40,35,5,30,20,0,0,0,0,0,0,0x10,0x0,0x0,0x0,1,0,0,0,0,0,0,0,FE8_Tethys_Anim,DefaultMovCost,MageRainMovCost,MageSnowMovCost,DefaultAvoid,DefaultDef,DefaultRes,0x0
GaidenPriestess,Gaiden_PriestessName,Gaiden_PriestessDesc,171,Mage_F,Gaiden_PriestessSMS,0,GenericClassCard,0x18,34,8,4,5,3,3,5,6,60,40,40,40,40,40,20,0x2,110,50,50,50,43,8,0,6,0,1,2,1,0,0x0,0x41,0x0,0x10,31,0,0,0,31,71,31,0,Gaiden_Priestess_Anim,MageMovCost,MageRainMovCost,MageSnowMovCost,DefaultAvoid,DefaultDef,DefaultRes,0x0
MagicSeal2,KishunaName,KishunaDesc,172,MagicSeal2,KishunaSMS,0,GenericClassCard,0x18,50,0,0,24,13,30,7,6,60,28,30,25,20,30,20,0x3,45,45,30,25,10,35,15,0,0,0,0,0,0,0x0,0x0,0x0,0x0,0,0,0,0,0,0,1,0,Kishuna_Anim,MageMovCost,MageRainMovCost,MageSnowMovCost,DefaultAvoid,DefaultDef,DefaultRes,0x0
Magician,MagicianName,MagicianDesc,173,RedMage,MagicianSMS,0,GenericClassCard,0x18,24,7,3,3,3,3,6,5,60,20,20,20,20,20,20,0x3,60,40,30,40,50,20,50,0,0,0,0,0,0,0x0,0x0,0x0,0x0,0,0,0,0,0,1,0,0,Magician_Anim,MageMovCost,MageRainMovCost,MageSnowMovCost,DefaultAvoid,DefaultDef,DefaultRes,0x0
Occultist,OccultistName,OccultistDesc,174,DarkPrince,OccultistSMS,0,GenericClassCard,0x18,28,9,2,2,3,3,5,5,60,20,20,20,20,20,20,0x3,60,40,30,40,20,50,50,0,0,0,0,0,0,0x0,0x0,0x0,0x0,0,0,0,0,0,1,0,DRank,Occultist_Anim,MageMovCost,MageRainMovCost,MageSnowMovCost,DefaultAvoid,DefaultDef,DefaultRes,0x0
Parson,ParsonName,ParsonDesc,175,Bishop,ParsonSMS,0,GenericClassCard,0x18,16,6,3,2,1,6,5,5,60,20,20,20,20,20,20,0x3,30,20,10,10,5,20,10,0,3,1,1,1,3,0x0,0x0,0x0,0x0,0,0,0,0,31,0,1,0,Parson_Anim,MageMovCost,MageRainMovCost,MageSnowMovCost,DefaultAvoid,DefaultDef,DefaultRes,0x0
Pupil2,PupilReskinName,PupilReskinDesc,176,Mage_F,PupilReskinSMS,0,GenericClassCard,0x18,13,1,0,2,0,4,3,4,60,20,20,20,20,20,20,0x2,55,55,40,35,10,30,40,0,0,0,0,0,0,0x0,0x0,0x0,0x0,0,0,0,0,0,1,0,0,PupilReskin_Anim,MageMovCost,MageRainMovCost,MageSnowMovCost,DefaultAvoid,DefaultDef,DefaultRes,0x0
RedMage,Red_Mage_by_ReykName,Red_Mage_by_ReykDesc,177,Magician,Red_Mage_by_ReykSMS,0,GenericClassCard,0x18,23,6,5,7,5,6,7,6,60,27,24,25,25,25,20,0x3,68,55,40,35,36,38,50,5,4,3,3,2,3,0x0,0x1,0x0,0x0,1,0,0,0,1,1,0,0,Red_Mage_by_Reyk_Anim,MageMovCost,MageRainMovCost,MageSnowMovCost,DefaultAvoid,DefaultDef,DefaultRes,0x0
RedMage2,Red_mage_by_MycahelName,Red_mage_by_MycahelDesc,178,Tactician2,Red_mage_by_MycahelSMS,0,GenericClassCard,0x18,25,8,2,6,5,8,7,6,60,26,25,25,20,30,20,0x3,55,55,40,35,5,30,20,0,0,0,0,0,0,0x0,0x1,0x0,0x0,1,0,0,0,1,1,0,0,Red_mage_by_Mycahel_Anim,MageMovCost,MageRainMovCost,MageSnowMovCost,DefaultAvoid,DefaultDef,DefaultRes,0x0
Tactician2,TacticianName,TacticianDesc,179,RedMage2,TacticianSMS,0,GenericClassCard,0x18,10,1,1,1,1,1,6,5,60,20,20,20,20,20,30,0x3,90,50,50,50,50,50,50,0,0,0,0,0,0,0x0,0x0,0x0,0x0,0,0,0,0,0,1,0,0,Tactician_Anim,MageMovCost,MageRainMovCost,MageSnowMovCost,DefaultAvoid,DefaultDef,DefaultRes,0x0
Tome,TomesName,TomesDesc,180,Djinn,TomesSMS,0,GenericClassCard,0x18,20,0,0,0,2,8,1,5,60,20,20,20,20,20,20,0x3,80,55,40,40,40,50,0,0,0,0,0,0,0,0x0,0x0,0x0,0x0,0,0,0,0,0,1,1,DRank,Tomes_Anim,MageMovCost,MageRainMovCost,MageSnowMovCost,DefaultAvoid,DefaultDef,DefaultRes,0x0
Witch,WitchName,WitchDesc,181,Mage_F,WitchSMS,0,GenericClassCard,0x18,19,10,8,8,4,9,6,6,60,36,33,37,33,34,20,0x3,80,50,25,30,30,0,0,1,4,2,6,1,0,0x0,0x1,0x0,0x0,0,0,0,0,1,1,1,DRank,Witch_Anim,MageMovCost,MageRainMovCost,MageSnowMovCost,DefaultAvoid,DefaultDef,DefaultRes,0x0
Cleric2,EgyptianName,EgyptianDesc,182,GaidenPriestess,EgyptianSMS,0,GenericClassCard,0x18,16,5,2,4,1,7,5,5,60,20,20,20,20,20,20,0x2,40,35,30,40,25,50,55,0,0,0,0,0,0,0x0,0x0,0x0,0x0,0,0,0,0,31,0,0,0,Egyptian_Anim,MageMovCost,MageRainMovCost,MageSnowMovCost,DefaultAvoid,DefaultDef,DefaultRes,0x0
Bard2,Elffin_FancyName,Elffin_FancyDesc,183,Bard2,Elffin_FancySMS,0,GenericClassCard,0x18,18,4,3,7,1,2,4,5,60,21,20,24,20,22,20,0x2,63,33,30,50,3,15,46,0,0,0,0,0,0,0x20,0x0,0x0,0x0,0,0,0,0,0,0,1,0,Elffin_Fancy_Anim,DefaultMovCost,DefaultRainMovCost,DefaultSnowMovCost,DefaultAvoid,DefaultDef,DefaultRes,0x0
Chicken,ChickenName,ChickenDesc,184,Chicken,ChickenSMS,0,GenericClassCard,0x18,6,2,3,2,1,1,2,3,60,10,10,10,10,10,20,0x1,60,25,50,40,5,5,43,0,0,0,0,0,0,0x0,0x0,UseMonsterWeapons,0x0,1,0,0,0,0,0,0,0,Chicken_Anim,TransporterMovCost,TransporterRainMovCost,TransporterSnowMovCost,DefaultAvoid,DefaultDef,DefaultRes,0x0
Mosquito,MosquitoName,MosquitoDesc,185,Mosquito,MosquitoSMS,0,GenericClassCard,0x18,1,7,2,8,0,0,1,5,60,20,30,30,20,20,20,0x3,60,25,50,80,5,5,36,0,0,0,0,0,0,0x0,0x0,UseMonsterWeapons,0x0,1,0,0,0,0,0,0,0,Mosquito_Anim,FlierMovCost,FlierRainCost,FlierSnowCost,FlierAvoid,FlierDef,FlierRes,0x0
Sandworm,SandwormName,SandwormDesc,186,Sandworm,SandwormSMS,0,GenericClassCard,0x18,24,8,2,3,9,8,16,6,60,30,29,28,23,21,20,0x3,70,56,45,35,40,35,28,0,0,0,0,0,0,0x0,0x0,UseMonsterWeapons,0x0,1,0,0,0,0,0,0,0,Sandworm_Anim,FlierMovCost,FlierRainCost,FlierSnowCost,DefaultAvoid,DefaultDef,DefaultRes,0x0
Slime,SlimeName,SlimeDesc,187,MagicSeal2,SlimeSMS,0,GenericClassCard,0x18,10,3,5,4,1,0,5,5,60,25,26,24,22,30,20,0x3,70,45,46,42,41,40,34,0,0,0,0,0,0,0x0,0x0,0x0,0x0,0,0,0,0,0,0,1,0,Slime_Anim,MageMovCost,TransporterRainMovCost,TransporterSnowMovCost,DefaultAvoid,DefaultDef,DefaultRes,0x0
CursedSword,Cursed_SwordName,Cursed_SwordDesc,188,CursedSword,Cursed_SwordSMS,0,GenericClassCard,0x18,20,0,0,0,6,4,1,6,60,25,30,26,25,22,20,0x3,80,55,40,40,45,45,0,0,0,0,0,0,0,0x0,0x0,0x0,0x0,1,0,0,0,0,0,0,0,Cursed_Sword_Anim,MageMovCost,MageRainMovCost,MageSnowMovCost,DefaultAvoid,DefaultDef,DefaultRes,0x0
Fellbeast,FellbeastName,FellbeastDesc,189,Fellbeast,FellbeastSMS,0,GenericClassCard,0x18,28,8,9,5,6,1,16,8,60,28,30,25,26,23,20,0x3,40,55,45,40,35,30,15,0,0,0,0,0,0,0x0,0x9,UseMonsterWeapons,0x0,1,0,0,0,0,0,0,0,Fellbeast_Anim,FlierMovCost,FlierRainCost,FlierSnowCost,FlierAvoid,FlierDef,FlierRes,0x0
BlackDragon,BlackDragonName,BlackDragonDesc,190,BlackDragon,BlackDragonSMS,0,GenericClassCard,0x18,55,30,16,20,30,30,17,6,60,46,36,32,46,38,20,0x3,95,45,20,35,25,40,60,0,0,0,0,0,0,0x0,0x9,0x0,0x0,0,0,0,0,0,1,1,DRank,Black_Dragon_Anim,FlierMovCost,FlierRainCost,FlierSnowCost,FlierAvoid,FlierDef,FlierRes,0x0
GrandMahout,GrandMahoutName,GrandMahoutDesc,191,GrandMahout,GrandMahoutSMS,0,GenericClassCard,0x18,30,13,5,4,12,4,7,6,60,30,27,22,29,26,20,0x3,60,50,45,40,45,45,35,0,0,0,0,0,0,0x3,0x1,0x0,0x0,0,31,0,1,0,0,0,0,Grand_Mahout_Anim,CavMovCost,MageRainMovCost,MageSnowMovCost,DefaultAvoid,DefaultDef,DefaultRes,0x0
Djinn,DjinnName,DjinnDesc,192,Tome,DjinnSMS,0,GenericClassCard,0x18,24,8,9,5,5,10,12,6,60,28,27,25,23,30,20,0x3,33,33,33,33,33,33,33,0,0,0,0,0,0,0x0,0x1,0x0,0x0,31,0,0,0,0,0,31,DRank,Djinn_Anim,FlierMovCost,FlierRainCost,FlierSnowCost,FlierAvoid,FlierDef,FlierRes,0x0
LivingArmor,LivingArmorName,LivingArmorDesc,193,Harbinger,LivingArmorSMS,1,GenericClassCard,0x18,22,8,5,3,11,5,10,5,60,29,27,24,30,25,20,0x3,70,50,45,20,40,30,30,0,0,0,0,0,0,0x0,0x0,0x0,0x0,31,0,1,0,0,0,0,0,Living_Armor_Anim,KnightMovCost,KnightRainMovCost,KnightSnowMovCost,DefaultAvoid,DefaultDef,DefaultRes,0x0
Boxer,BoxerName,BoxerDesc,194,Enchanter,BoxerSMS,0,GenericClassCard,0x18,28,9,7,8,6,1,10,5,60,20,20,20,20,20,20,0x3,30,15,10,20,10,0,0,0,0,0,0,0,0,0x0,0x0,0x0,0x0,1,0,0,0,0,0,0,0,Brawler_Anim,DefaultMovCost,DefaultRainMovCost,DefaultSnowMovCost,DefaultAvoid,DefaultDef,DefaultRes,0x0
Enchanter,EnchanterName,EnchanterDesc,195,Boxer,EnchanterSMS,0,GenericClassCard,0x18,20,5,5,5,5,5,5,6,60,25,43,39,20,22,20,0x3,5,15,15,10,5,5,15,2,2,0,0,2,0,0x0,0x1,0x0,0x0,121,0,0,0,0,0,0,0,Enchanter_Anim,MageMovCost,MageRainMovCost,MageSnowMovCost,DefaultAvoid,DefaultDef,DefaultRes,0x0
Ninja,NinjaName,NinjaDesc,196,Assassin,NinjaSMS,0,GenericClassCard,0x18,16,3,8,8,3,3,6,6,60,20,20,20,20,20,20,0x3,50,35,55,55,15,35,15,0,0,0,0,0,0,0xc,0x0,0x2,0x0,1,0,0,0,0,0,0,0,Ninja_Anim,ThiefMovCost,ThiefRainMovCost,ThiefSnowMovCost,DefaultAvoid,DefaultDef,DefaultRes,0x0
LynLord (fe6/8),0x0,0x23c,197,0x0,0x1a,0,GenericClassCard,0x18,16,1,2,3,3,3,6,5,60,20,20,20,20,20,20,0x3,55,55,40,35,5,30,20,0,0,0,0,0,0,0x0,0x0,0x0,0x0,0,0,0,0,0,31,0,0,0x8c99284,MageMovCost,MageRainMovCost,MageSnowMovCost,DefaultAvoid,DefaultDef,DefaultRes,0x0
PriestessT1,PriestessT1Name,PriestessT1Desc,198,0xAB,PriestessT1SMS,0,GenericClassCard,0x18,16,1,3,2,2,4,5,5,60,20,20,20,20,20,20,0x3,55,55,40,35,5,40,20,0,0,0,0,0,0,0x00,0x40,0x00,0x10,DRank,NoRank,NoRank,NoRank,ERank,DRank,DRank,NoRank,PriestessT1_Anim,MageMovCost,MageRainMovCost,MageSnowMovCost,DefaultAvoid,DefaultDef,DefaultRes,0x00
BladeLord (fe6/8),0x0,0x23c,199,0x0,0x1a,0,GenericClassCard,0x18,16,1,2,3,3,3,6,5,60,20,20,20,20,20,20,0x3,55,55,40,35,5,30,20,0,0,0,0,0,0,0x0,0x0,0x0,0x0,0,0,0,0,0,31,0,0,0x8c99284,MageMovCost,MageRainMovCost,MageSnowMovCost,DefaultAvoid,DefaultDef,DefaultRes,0x0
RoyLord,RoyLordName,RoyLordDesc,200,0xC9,RoyLordSMS,0,GenericClassCard,0x18,18,3,3,4,5,0,6,5,60,20,20,20,20,20,20,0x3,90,45,40,45,15,12,40,0,0,0,0,0,0,0x0,0x00,0x00,0x10,DRank,NoRank,NoRank,NoRank,NoRank,NoRank,NoRank,NoRank,RoyLord_Anim,LordMovCost,LordRainMovCost,LordSnowMovCost,DefaultAvoid,DefaultDef,DefaultRes,0x0
MasterLord,MasterLordName,MasterLordDesc,201,RoyLord,MasterLordSMS,0,GenericClassCard,0x18,22,5,6,6,7,5,8,6,60,25,25,25,25,25,25,0x3,60,35,30,30,35,10,15,4,2,3,2,2,5,0x0,0x1,0x0,0x10,ARank,NoRank,NoRank,NoRank,NoRank,NoRank,NoRank,NoRank,MasterLord_Anim,LordMovCost,LordRainMovCost,LordSnowMovCost,DefaultAvoid,DefaultDef,DefaultRes,0x0
EirikaLord,EirikaLordName,EirikaLordDesc,202,0xCB,EirikaLordSMS,0,GenericClassCard,0x18,16,4,8,9,3,1,5,5,60,20,20,20,20,20,20,0x03,90,45,40,45,15,20,40,0,0,0,0,0,0,0x00,0x20,0x02,0x40,ERank,NoRank,NoRank,NoRank,NoRank,NoRank,NoRank,NoRank,EirikaLord_Anim,LordMovCost,LordRainMovCost,LordSnowMovCost,DefaultAvoid,DefaultDef,DefaultRes,0x0
EirikaGreat,EirikaGreatName,EirikaGreatDesc,203,0xCA,EirikaGreatSMS,0,GenericClassCard,0x18,18,3,3,4,5,0,7,7,60,24,29,30,22,25,25,0x03,90,45,40,45,15,20,40,4,2,2,1,3,5,0x03,0x45,0x02,0x40,CRank,NoRank,NoRank,NoRank,NoRank,NoRank,NoRank,NoRank,EirikaGreat_Anim,PaladinMovCost,PaladinRainMovCost,PaladinSnowMovCost,DefaultAvoid,DefaultDef,DefaultRes,0x00
EphraimLord,EphraimLordName,EphraimLordDesc,204,0xCD,EphraimLordSMS,0,GenericClassCard,0x18,18,6,6,7,6,0,8,5,60,20,20,20,20,20,20,0x03,90,45,40,45,15,15,40,0,0,0,0,0,0,0x00,0x00,0x00,0x00,NoRank,DRank,NoRank,NoRank,NoRank,NoRank,NoRank,NoRank,EphraimLord_Anim,LordMovCost,LordRainMovCost,LordSnowMovCost,DefaultAvoid,DefaultDef,DefaultRes,0x0
EphraimGreat,EphraimGreatName,EphraimGreatDesc,205,0xCC,EphraimGreatSMS,0,GenericClassCard,0x18,18,3,3,4,5,0,10,7,60,27,26,24,23,23,25,0x03,90,45,40,45,15,15,40,4,2,3,2,2,5,0x03,0x05,0x00,0x00,NoRank,CRank,NoRank,NoRank,NoRank,NoRank,NoRank,NoRank,EphraimGreat_Anim,PaladinMovCost,PaladinRainMovCost,PaladinSnowMovCost,DefaultAvoid,DefaultDef,DefaultRes,0x00
Mage,0x0,0x23c,206,0x0,0x1a,0,GenericClassCard,0x18,16,1,2,3,3,3,6,5,60,20,20,20,20,20,20,0x3,55,55,40,35,5,30,20,0,0,0,0,0,0,0x0,0x0,0x0,0x0,0,0,0,0,0,31,0,0,0x8c99284,MageMovCost,MageRainMovCost,MageSnowMovCost,DefaultAvoid,DefaultDef,DefaultRes,0x0
Mage,0x0,0x23c,207,0x0,0x1a,0,GenericClassCard,0x18,16,1,2,3,3,3,6,5,60,20,20,20,20,20,20,0x3,55,55,40,35,5,30,20,0,0,0,0,0,0,0x0,0x0,0x0,0x0,0,0,0,0,0,31,0,0,0x8c99284,MageMovCost,MageRainMovCost,MageSnowMovCost,DefaultAvoid,DefaultDef,DefaultRes,0x0
Mage,0x0,0x23c,208,0x0,0x1a,0,GenericClassCard,0x18,16,1,2,3,3,3,6,5,60,20,20,20,20,20,20,0x3,55,55,40,35,5,30,20,0,0,0,0,0,0,0x0,0x0,0x0,0x0,0,0,0,0,0,31,0,0,0x8c99284,MageMovCost,MageRainMovCost,MageSnowMovCost,DefaultAvoid,DefaultDef,DefaultRes,0x0
Mage,0x0,0x23c,209,0x0,0x1a,0,GenericClassCard,0x18,16,1,2,3,3,3,6,5,60,20,20,20,20,20,20,0x3,55,55,40,35,5,30,20,0,0,0,0,0,0,0x0,0x0,0x0,0x0,0,0,0,0,0,31,0,0,0x8c99284,MageMovCost,MageRainMovCost,MageSnowMovCost,DefaultAvoid,DefaultDef,DefaultRes,0x0
Mage,0x0,0x23c,210,0x0,0x1a,0,GenericClassCard,0x18,16,1,2,3,3,3,6,5,60,20,20,20,20,20,20,0x3,55,55,40,35,5,30,20,0,0,0,0,0,0,0x0,0x0,0x0,0x0,0,0,0,0,0,31,0,0,0x8c99284,MageMovCost,MageRainMovCost,MageSnowMovCost,DefaultAvoid,DefaultDef,DefaultRes,0x0
Mage,0x0,0x23c,211,0x0,0x1a,0,GenericClassCard,0x18,16,1,2,3,3,3,6,5,60,20,20,20,20,20,20,0x3,55,55,40,35,5,30,20,0,0,0,0,0,0,0x0,0x0,0x0,0x0,0,0,0,0,0,31,0,0,0x8c99284,MageMovCost,MageRainMovCost,MageSnowMovCost,DefaultAvoid,DefaultDef,DefaultRes,0x0
Mage,0x0,0x23c,212,0x0,0x1a,0,GenericClassCard,0x18,16,1,2,3,3,3,6,5,60,20,20,20,20,20,20,0x3,55,55,40,35,5,30,20,0,0,0,0,0,0,0x0,0x0,0x0,0x0,0,0,0,0,0,31,0,0,0x8c99284,MageMovCost,MageRainMovCost,MageSnowMovCost,DefaultAvoid,DefaultDef,DefaultRes,0x0
Mage,0x0,0x23c,213,0x0,0x1a,0,GenericClassCard,0x18,16,1,2,3,3,3,6,5,60,20,20,20,20,20,20,0x3,55,55,40,35,5,30,20,0,0,0,0,0,0,0x0,0x0,0x0,0x0,0,0,0,0,0,31,0,0,0x8c99284,MageMovCost,MageRainMovCost,MageSnowMovCost,DefaultAvoid,DefaultDef,DefaultRes,0x0
Mage,0x0,0x23c,214,0x0,0x1a,0,GenericClassCard,0x18,16,1,2,3,3,3,6,5,60,20,20,20,20,20,20,0x3,55,55,40,35,5,30,20,0,0,0,0,0,0,0x0,0x0,0x0,0x0,0,0,0,0,0,31,0,0,0x8c99284,MageMovCost,MageRainMovCost,MageSnowMovCost,DefaultAvoid,DefaultDef,DefaultRes,0x0
Mage,0x0,0x23c,215,0x0,0x1a,0,GenericClassCard,0x18,16,1,2,3,3,3,6,5,60,20,20,20,20,20,20,0x3,55,55,40,35,5,30,20,0,0,0,0,0,0,0x0,0x0,0x0,0x0,0,0,0,0,0,31,0,0,0x8c99284,MageMovCost,MageRainMovCost,MageSnowMovCost,DefaultAvoid,DefaultDef,DefaultRes,0x0
Mage,0x0,0x23c,216,0x0,0x1a,0,GenericClassCard,0x18,16,1,2,3,3,3,6,5,60,20,20,20,20,20,20,0x3,55,55,40,35,5,30,20,0,0,0,0,0,0,0x0,0x0,0x0,0x0,0,0,0,0,0,31,0,0,0x8c99284,MageMovCost,MageRainMovCost,MageSnowMovCost,DefaultAvoid,DefaultDef,DefaultRes,0x0
Mage,0x0,0x23c,217,0x0,0x1a,0,GenericClassCard,0x18,16,1,2,3,3,3,6,5,60,20,20,20,20,20,20,0x3,55,55,40,35,5,30,20,0,0,0,0,0,0,0x0,0x0,0x0,0x0,0,0,0,0,0,31,0,0,0x8c99284,MageMovCost,MageRainMovCost,MageSnowMovCost,DefaultAvoid,DefaultDef,DefaultRes,0x0
Mage,0x0,0x23c,218,0x0,0x1a,0,GenericClassCard,0x18,16,1,2,3,3,3,6,5,60,20,20,20,20,20,20,0x3,55,55,40,35,5,30,20,0,0,0,0,0,0,0x0,0x0,0x0,0x0,0,0,0,0,0,31,0,0,0x8c99284,MageMovCost,MageRainMovCost,MageSnowMovCost,DefaultAvoid,DefaultDef,DefaultRes,0x0
Mage,0x0,0x23c,219,0x0,0x1a,0,GenericClassCard,0x18,16,1,2,3,3,3,6,5,60,20,20,20,20,20,20,0x3,55,55,40,35,5,30,20,0,0,0,0,0,0,0x0,0x0,0x0,0x0,0,0,0,0,0,31,0,0,0x8c99284,MageMovCost,MageRainMovCost,MageSnowMovCost,DefaultAvoid,DefaultDef,DefaultRes,0x0
Mage,0x0,0x23c,220,0x0,0x1a,0,GenericClassCard,0x18,16,1,2,3,3,3,6,5,60,20,20,20,20,20,20,0x3,55,55,40,35,5,30,20,0,0,0,0,0,0,0x0,0x0,0x0,0x0,0,0,0,0,0,31,0,0,0x8c99284,MageMovCost,MageRainMovCost,MageSnowMovCost,DefaultAvoid,DefaultDef,DefaultRes,0x0
Mage,0x0,0x23c,221,0x0,0x1a,0,GenericClassCard,0x18,16,1,2,3,3,3,6,5,60,20,20,20,20,20,20,0x3,55,55,40,35,5,30,20,0,0,0,0,0,0,0x0,0x0,0x0,0x0,0,0,0,0,0,31,0,0,0x8c99284,MageMovCost,MageRainMovCost,MageSnowMovCost,DefaultAvoid,DefaultDef,DefaultRes,0x0
Mage,0x0,0x23c,222,0x0,0x1a,0,GenericClassCard,0x18,16,1,2,3,3,3,6,5,60,20,20,20,20,20,20,0x3,55,55,40,35,5,30,20,0,0,0,0,0,0,0x0,0x0,0x0,0x0,0,0,0,0,0,31,0,0,0x8c99284,MageMovCost,MageRainMovCost,MageSnowMovCost,DefaultAvoid,DefaultDef,DefaultRes,0x0
Mage,0x0,0x23c,223,0x0,0x1a,0,GenericClassCard,0x18,16,1,2,3,3,3,6,5,60,20,20,20,20,20,20,0x3,55,55,40,35,5,30,20,0,0,0,0,0,0,0x0,0x0,0x0,0x0,0,0,0,0,0,31,0,0,0x8c99284,MageMovCost,MageRainMovCost,MageSnowMovCost,DefaultAvoid,DefaultDef,DefaultRes,0x0
Mage,0x0,0x23c,224,0x0,0x1a,0,GenericClassCard,0x18,16,1,2,3,3,3,6,5,60,20,20,20,20,20,20,0x3,55,55,40,35,5,30,20,0,0,0,0,0,0,0x0,0x0,0x0,0x0,0,0,0,0,0,31,0,0,0x8c99284,MageMovCost,MageRainMovCost,MageSnowMovCost,DefaultAvoid,DefaultDef,DefaultRes,0x0
Mage,0x0,0x23c,225,0x0,0x1a,0,GenericClassCard,0x18,16,1,2,3,3,3,6,5,60,20,20,20,20,20,20,0x3,55,55,40,35,5,30,20,0,0,0,0,0,0,0x0,0x0,0x0,0x0,0,0,0,0,0,31,0,0,0x8c99284,MageMovCost,MageRainMovCost,MageSnowMovCost,DefaultAvoid,DefaultDef,DefaultRes,0x0
Mage,0x0,0x23c,226,0x0,0x1a,0,GenericClassCard,0x18,16,1,2,3,3,3,6,5,60,20,20,20,20,20,20,0x3,55,55,40,35,5,30,20,0,0,0,0,0,0,0x0,0x0,0x0,0x0,0,0,0,0,0,31,0,0,0x8c99284,MageMovCost,MageRainMovCost,MageSnowMovCost,DefaultAvoid,DefaultDef,DefaultRes,0x0
Mage,0x0,0x23c,227,0x0,0x1a,0,GenericClassCard,0x18,16,1,2,3,3,3,6,5,60,20,20,20,20,20,20,0x3,55,55,40,35,5,30,20,0,0,0,0,0,0,0x0,0x0,0x0,0x0,0,0,0,0,0,31,0,0,0x8c99284,MageMovCost,MageRainMovCost,MageSnowMovCost,DefaultAvoid,DefaultDef,DefaultRes,0x0
Mage,0x0,0x23c,228,0x0,0x1a,0,GenericClassCard,0x18,16,1,2,3,3,3,6,5,60,20,20,20,20,20,20,0x3,55,55,40,35,5,30,20,0,0,0,0,0,0,0x0,0x0,0x0,0x0,0,0,0,0,0,31,0,0,0x8c99284,MageMovCost,MageRainMovCost,MageSnowMovCost,DefaultAvoid,DefaultDef,DefaultRes,0x0
Mage,0x0,0x23c,229,0x0,0x1a,0,GenericClassCard,0x18,16,1,2,3,3,3,6,5,60,20,20,20,20,20,20,0x3,55,55,40,35,5,30,20,0,0,0,0,0,0,0x0,0x0,0x0,0x0,0,0,0,0,0,31,0,0,0x8c99284,MageMovCost,MageRainMovCost,MageSnowMovCost,DefaultAvoid,DefaultDef,DefaultRes,0x0
Mage,0x0,0x23c,230,0x0,0x1a,0,GenericClassCard,0x18,16,1,2,3,3,3,6,5,60,20,20,20,20,20,20,0x3,55,55,40,35,5,30,20,0,0,0,0,0,0,0x0,0x0,0x0,0x0,0,0,0,0,0,31,0,0,0x8c99284,MageMovCost,MageRainMovCost,MageSnowMovCost,DefaultAvoid,DefaultDef,DefaultRes,0x0
Mage,0x0,0x23c,231,0x0,0x1a,0,GenericClassCard,0x18,16,1,2,3,3,3,6,5,60,20,20,20,20,20,20,0x3,55,55,40,35,5,30,20,0,0,0,0,0,0,0x0,0x0,0x0,0x0,0,0,0,0,0,31,0,0,0x8c99284,MageMovCost,MageRainMovCost,MageSnowMovCost,DefaultAvoid,DefaultDef,DefaultRes,0x0
Mage,0x0,0x23c,232,0x0,0x1a,0,GenericClassCard,0x18,16,1,2,3,3,3,6,5,60,20,20,20,20,20,20,0x3,55,55,40,35,5,30,20,0,0,0,0,0,0,0x0,0x0,0x0,0x0,0,0,0,0,0,31,0,0,0x8c99284,MageMovCost,MageRainMovCost,MageSnowMovCost,DefaultAvoid,DefaultDef,DefaultRes,0x0
Mage,0x0,0x23c,233,0x0,0x1a,0,GenericClassCard,0x18,16,1,2,3,3,3,6,5,60,20,20,20,20,20,20,0x3,55,55,40,35,5,30,20,0,0,0,0,0,0,0x0,0x0,0x0,0x0,0,0,0,0,0,31,0,0,0x8c99284,MageMovCost,MageRainMovCost,MageSnowMovCost,DefaultAvoid,DefaultDef,DefaultRes,0x0
Mage,0x0,0x23c,234,0x0,0x1a,0,GenericClassCard,0x18,16,1,2,3,3,3,6,5,60,20,20,20,20,20,20,0x3,55,55,40,35,5,30,20,0,0,0,0,0,0,0x0,0x0,0x0,0x0,0,0,0,0,0,31,0,0,0x8c99284,MageMovCost,MageRainMovCost,MageSnowMovCost,DefaultAvoid,DefaultDef,DefaultRes,0x0
Mage,0x0,0x23c,235,0x0,0x1a,0,GenericClassCard,0x18,16,1,2,3,3,3,6,5,60,20,20,20,20,20,20,0x3,55,55,40,35,5,30,20,0,0,0,0,0,0,0x0,0x0,0x0,0x0,0,0,0,0,0,31,0,0,0x8c99284,MageMovCost,MageRainMovCost,MageSnowMovCost,DefaultAvoid,DefaultDef,DefaultRes,0x0
Mage,0x0,0x23c,236,0x0,0x1a,0,GenericClassCard,0x18,16,1,2,3,3,3,6,5,60,20,20,20,20,20,20,0x3,55,55,40,35,5,30,20,0,0,0,0,0,0,0x0,0x0,0x0,0x0,0,0,0,0,0,31,0,0,0x8c99284,MageMovCost,MageRainMovCost,MageSnowMovCost,DefaultAvoid,DefaultDef,DefaultRes,0x0
Mage,0x0,0x23c,237,0x0,0x1a,0,GenericClassCard,0x18,16,1,2,3,3,3,6,5,60,20,20,20,20,20,20,0x3,55,55,40,35,5,30,20,0,0,0,0,0,0,0x0,0x0,0x0,0x0,0,0,0,0,0,31,0,0,0x8c99284,MageMovCost,MageRainMovCost,MageSnowMovCost,DefaultAvoid,DefaultDef,DefaultRes,0x0
Mage,0x0,0x23c,238,0x0,0x1a,0,GenericClassCard,0x18,16,1,2,3,3,3,6,5,60,20,20,20,20,20,20,0x3,55,55,40,35,5,30,20,0,0,0,0,0,0,0x0,0x0,0x0,0x0,0,0,0,0,0,31,0,0,0x8c99284,MageMovCost,MageRainMovCost,MageSnowMovCost,DefaultAvoid,DefaultDef,DefaultRes,0x0
Mage,0x0,0x23c,239,0x0,0x1a,0,GenericClassCard,0x18,16,1,2,3,3,3,6,5,60,20,20,20,20,20,20,0x3,55,55,40,35,5,30,20,0,0,0,0,0,0,0x0,0x0,0x0,0x0,0,0,0,0,0,31,0,0,0x8c99284,MageMovCost,MageRainMovCost,MageSnowMovCost,DefaultAvoid,DefaultDef,DefaultRes,0x0
Mage,0x0,0x23c,240,0x0,0x1a,0,GenericClassCard,0x18,16,1,2,3,3,3,6,5,60,20,20,20,20,20,20,0x3,55,55,40,35,5,30,20,0,0,0,0,0,0,0x0,0x0,0x0,0x0,0,0,0,0,0,31,0,0,0x8c99284,MageMovCost,MageRainMovCost,MageSnowMovCost,DefaultAvoid,DefaultDef,DefaultRes,0x0
Mage,0x0,0x23c,241,0x0,0x1a,0,GenericClassCard,0x18,16,1,2,3,3,3,6,5,60,20,20,20,20,20,20,0x3,55,55,40,35,5,30,20,0,0,0,0,0,0,0x0,0x0,0x0,0x0,0,0,0,0,0,31,0,0,0x8c99284,MageMovCost,MageRainMovCost,MageSnowMovCost,DefaultAvoid,DefaultDef,DefaultRes,0x0
Mage,0x0,0x23c,242,0x0,0x1a,0,GenericClassCard,0x18,16,1,2,3,3,3,6,5,60,20,20,20,20,20,20,0x3,55,55,40,35,5,30,20,0,0,0,0,0,0,0x0,0x0,0x0,0x0,0,0,0,0,0,31,0,0,0x8c99284,MageMovCost,MageRainMovCost,MageSnowMovCost,DefaultAvoid,DefaultDef,DefaultRes,0x0
Mage,0x0,0x23c,243,0x0,0x1a,0,GenericClassCard,0x18,16,1,2,3,3,3,6,5,60,20,20,20,20,20,20,0x3,55,55,40,35,5,30,20,0,0,0,0,0,0,0x0,0x0,0x0,0x0,0,0,0,0,0,31,0,0,0x8c99284,MageMovCost,MageRainMovCost,MageSnowMovCost,DefaultAvoid,DefaultDef,DefaultRes,0x0
Mage,0x0,0x23c,244,0x0,0x1a,0,GenericClassCard,0x18,16,1,2,3,3,3,6,5,60,20,20,20,20,20,20,0x3,55,55,40,35,5,30,20,0,0,0,0,0,0,0x0,0x0,0x0,0x0,0,0,0,0,0,31,0,0,0x8c99284,MageMovCost,MageRainMovCost,MageSnowMovCost,DefaultAvoid,DefaultDef,DefaultRes,0x0
Mage,0x0,0x23c,245,0x0,0x1a,0,GenericClassCard,0x18,16,1,2,3,3,3,6,5,60,20,20,20,20,20,20,0x3,55,55,40,35,5,30,20,0,0,0,0,0,0,0x0,0x0,0x0,0x0,0,0,0,0,0,31,0,0,0x8c99284,MageMovCost,MageRainMovCost,MageSnowMovCost,DefaultAvoid,DefaultDef,DefaultRes,0x0
Mage,0x0,0x23c,246,0x0,0x1a,0,GenericClassCard,0x18,16,1,2,3,3,3,6,5,60,20,20,20,20,20,20,0x3,55,55,40,35,5,30,20,0,0,0,0,0,0,0x0,0x0,0x0,0x0,0,0,0,0,0,31,0,0,0x8c99284,MageMovCost,MageRainMovCost,MageSnowMovCost,DefaultAvoid,DefaultDef,DefaultRes,0x0
Mage,0x0,0x23c,247,0x0,0x1a,0,GenericClassCard,0x18,16,1,2,3,3,3,6,5,60,20,20,20,20,20,20,0x3,55,55,40,35,5,30,20,0,0,0,0,0,0,0x0,0x0,0x0,0x0,0,0,0,0,0,31,0,0,0x8c99284,MageMovCost,MageRainMovCost,MageSnowMovCost,DefaultAvoid,DefaultDef,DefaultRes,0x0
Mage,0x0,0x23c,248,0x0,0x1a,0,GenericClassCard,0x18,16,1,2,3,3,3,6,5,60,20,20,20,20,20,20,0x3,55,55,40,35,5,30,20,0,0,0,0,0,0,0x0,0x0,0x0,0x0,0,0,0,0,0,31,0,0,0x8c99284,MageMovCost,MageRainMovCost,MageSnowMovCost,DefaultAvoid,DefaultDef,DefaultRes,0x0
Mage,0x0,0x23c,249,0x0,0x1a,0,GenericClassCard,0x18,16,1,2,3,3,3,6,5,60,20,20,20,20,20,20,0x3,55,55,40,35,5,30,20,0,0,0,0,0,0,0x0,0x0,0x0,0x0,0,0,0,0,0,31,0,0,0x8c99284,MageMovCost,MageRainMovCost,MageSnowMovCost,DefaultAvoid,DefaultDef,DefaultRes,0x0
Mage,0x0,0x23c,250,0x0,0x1a,0,GenericClassCard,0x18,16,1,2,3,3,3,6,5,60,20,20,20,20,20,20,0x3,55,55,40,35,5,30,20,0,0,0,0,0,0,0x0,0x0,0x0,0x0,0,0,0,0,0,31,0,0,0x8c99284,MageMovCost,MageRainMovCost,MageSnowMovCost,DefaultAvoid,DefaultDef,DefaultRes,0x0
Mage,0x0,0x23c,251,0x0,0x1a,0,GenericClassCard,0x18,16,1,2,3,3,3,6,5,60,20,20,20,20,20,20,0x3,55,55,40,35,5,30,20,0,0,0,0,0,0,0x0,0x0,0x0,0x0,0,0,0,0,0,31,0,0,0x8c99284,MageMovCost,MageRainMovCost,MageSnowMovCost,DefaultAvoid,DefaultDef,DefaultRes,0x0
Mage,0x0,0x23c,252,0x0,0x1a,0,GenericClassCard,0x18,16,1,2,3,3,3,6,5,60,20,20,20,20,20,20,0x3,55,55,40,35,5,30,20,0,0,0,0,0,0,0x0,0x0,0x0,0x0,0,0,0,0,0,31,0,0,0x8c99284,MageMovCost,MageRainMovCost,MageSnowMovCost,DefaultAvoid,DefaultDef,DefaultRes,0x0
Mage,0x0,0x23c,253,0x0,0x1a,0,GenericClassCard,0x18,16,1,2,3,3,3,6,5,60,20,20,20,20,20,20,0x3,55,55,40,35,5,30,20,0,0,0,0,0,0,0x0,0x0,0x0,0x0,0,0,0,0,0,31,0,0,0x8c99284,MageMovCost,MageRainMovCost,MageSnowMovCost,DefaultAvoid,DefaultDef,DefaultRes,0x0
Mage,0x0,0x23c,254,0x0,0x1a,0,GenericClassCard,0x18,16,1,2,3,3,3,6,5,60,20,20,20,20,20,20,0x3,55,55,40,35,5,30,20,0,0,0,0,0,0,0x0,0x0,0x0,0x0,0,0,0,0,0,31,0,0,0x8c99284,MageMovCost,MageRainMovCost,MageSnowMovCost,DefaultAvoid,DefaultDef,DefaultRes,0x0
Mage,0x0,0x23c,255,0x0,0x1a,0,GenericClassCard,0x18,16,1,2,3,3,3,6,5,60,20,20,20,20,20,20,0x3,55,55,40,35,5,30,20,0,0,0,0,0,0,0x0,0x0,0x0,0x0,0,0,0,0,0,31,0,0,0x8c99284,MageMovCost,MageRainMovCost,MageSnowMovCost,DefaultAvoid,DefaultDef,DefaultRes,0x0
