INLINE gCharacterDataFE7,Name,Description,ID,Support Class,Portrait,Map Portrait,Affinity,Unit Sort Order,Lv,HP,Atk,Skl,Spd,Def,Res,Luck,Con,Sword,Lance,Axe,Bow,Staff,Anima,Light,Dark,HP Growth,Atk Growth,Skl Growth,Spd Growth,Def Growth,Res Growth,Luck Growth,N/A,N/A,N/A,N/A,N/A,CharClassAbility,Support Data Ptr,N/A (Conversation Group),N/A,N/A,N/A
01 Eliwood,Eliwood2Name, Eliwood2Desc,0x01,EliwoodLord,EliwoodMug,0x00,0x07,0x01,0x01,0x03,0x02,0x02,0x02,0x02,0x00,0x07,0x00,0x47,0x00,0x00,0x00,0x00,0x00,0x00,0x00,0x50,0x2D,0x32,0x28,0x1E,0x23,0x2D,0x0,0x0,0x0,0x0,0x0,0x0,0x88aebac,0x7,0x0,0x0,0x0
02 Hector,Hector2Name, Hector2Desc,0x02,HectorLord,HectorMug,0x00,0x02,0x02,0x01,0x03,0x02,0x02,0x02,0x02,0x00,0x03,0x00,0x00,0x00,0x47,0x00,0x00,0x00,0x00,0x00,0x5A,0x3C,0x2D,0x23,0x32,0x19,0x1E,0x0,0x0,0x0,0x0,0x0,0x0,0x88aebdc,0x3,0x0,0x0,0x0
03 Lyn,LynName, LynDesc,0x03,LynLord,LynMug,0x00,0x03,0x03,0x01,0x03,0x02,0x02,0x02,0x02,0x00,0x05,0x00,0x1F,0x00,0x00,0x00,0x00,0x00,0x00,0x00,0x46,0x28,0x3C,0x3C,0x14,0x1E,0x37,0x0,0x0,0x0,0x0,0x0,0x0,0x88aec0c,0x4,0x0,0x0,0x0
04 Raven,RavenName, RavenDesc,0x04,Mercenary,RavenMug,0x00,0x04,0x08,0x01,0x07,0x04,0x03,0x05,0x01,0x01,0x02,-1,0x47,0x00,0x00,0x00,0x00,0x00,0x00,0x00,0x55,0x37,0x28,0x2D,0x19,0x0F,0x23,0x0,0x0,0x0,0x0,0x0,0x0,0x88aebf4,0x3,0x0,0x0,0x0
05 Geitz,GeitzName, GeitzDesc,0x05,Warrior,GeitzMug,0x00,0x02,0x05,0x03,0x0C,0x09,0x07,0x07,0x06,0x03,0x0A,0x00,0x00,0x00,0x79,0x79,0x00,0x00,0x00,0x00,0x55,0x32,0x1E,0x28,0x14,0x14,0x28,0x0,0x0,0x0,0x0,0x0,0x0,0x88aec24,0x4,0x0,0x0,0x0
06 Guy,GuyName, GuyDesc,0x06,Myrmidon,GuyMug,0x00,0x01,0x06,0x01,0x05,0x02,0x02,0x02,0x03,0x00,0x05,-3,0x47,0x00,0x00,0x00,0x00,0x00,0x00,0x00,0x4B,0x1E,0x32,0x46,0x0F,0x19,0x2D,0x0,0x0,0x0,0x0,0x0,0x0,0x88aec3c,0xa,0x0,0x0,0x0
07 Karel,Karel2Name, Karel2Desc,0x07,Swordmaster_F,Karel2Mug,0x00,0x06,0x07,0x01,0x0A,0x0A,0x0C,0x0A,0x08,0x0A,0x0F,0x00,0xB5,0x00,0x00,0x00,0x00,0x00,0x00,0x00,0x46,0x1E,0x32,0x32,0x0A,0x0F,0x1E,0x0,0x0,0x0,0x0,0x0,0x0,0x88aec6c,0x5,0x0,0x0,0x0
08 Dorcas,DorcasName, DorcasDesc,0x08,Fighter,DorcasMug,0x00,0x01,0x08,0x03,0x0A,0x02,0x05,0x02,0x01,0x00,0x03,0x03,0x00,0x00,0x47,0x00,0x00,0x00,0x00,0x00,0x50,0x3C,0x28,0x14,0x19,0x0F,0x2D,0x0,0x0,0x0,0x0,0x0,0x0,0x88aec9c,0x7,0x0,0x0,0x0
09 Bartre,Bartre2Name, Bartre2Desc,0x09,Fighter,Bartre2Mug,0x00,0x02,0x09,0x02,0x09,0x04,0x03,-1,0x02,0x00,0x04,0x02,0x00,0x00,0x1F,0x00,0x00,0x00,0x00,0x00,0x55,0x32,0x23,0x28,0x1E,0x19,0x1E,0x0,0x0,0x0,0x0,0x0,0x0,0x88aec84,0x0,0x0,0x0,0x0
0A Citizen,CitizenName, CitizenDesc,0x0A,Villager,0x0,0x01,0x00,0x00,0x01,0x00,0x00,0x00,0x00,0x02,-1,0x00,0x00,0x00,0x00,0x00,0x00,0x00,0x00,0x00,0x00,0x55,0x19,0x3C,0x0A,0x0F,0x0F,0x19,0x0,0x0,0x0,0x0,0x0,0x0,0x88aec54,0x1,0x0,0x0,0x0
0B Oswin,OswinName, OswinDesc,0x0B,Knight,OswinMug,0x00,0x07,0x0A,0x09,0x0B,0x08,0x07,0x05,0x04,0x03,0x03,0x01,0x00,0x79,0x00,0x00,0x00,0x00,0x00,0x00,0x5A,0x28,0x1E,0x1E,0x37,0x1E,0x23,0x0,0x0,0x0,0x0,0x0,0x0,0x88aed5c,0x0,0x0,0x0,0x0
0C Fargus,FargusName, FargusDesc,0x0C,Berserker,FargusMug,0x00,0x02,0x0B,0x12,0x22,0x11,0x09,0x07,0x0C,0x11,0x0F,0x02,0x00,0x00,0xB5,0x00,0x00,0x00,0x00,0x00,0x5A,0x28,0x1E,0x1E,0x37,0x1E,0x23,0x0,0x0,0x0,0x0,0x0,0x0,0x88aeccc,0x7,0x0,0x0,0x0
0D Wil,WilName, WilDesc,0x0D,Archer,WilMug,0x00,0x03,0x0C,0x03,0x02,0x02,0x02,0x02,0x02,0x00,0x06,-1,0x00,0x00,0x00,0x1F,0x00,0x00,0x00,0x00,0x4B,0x32,0x32,0x28,0x14,0x19,0x28,0x0,0x0,0x0,0x0,0x0,0x0,0x88aece4,0xa,0x0,0x0,0x0
0E Rebecca,RebeccaName, RebeccaDesc,0x0E,Archer_F,RebeccaMug,0x00,0x01,0x0D,0x01,0x00,0x01,0x02,0x02,0x00,0x01,0x04,0x00,0x00,0x00,0x00,0x1F,0x00,0x00,0x00,0x00,0x3C,0x28,0x32,0x3C,0x0F,0x1E,0x32,0x0,0x0,0x0,0x0,0x0,0x0,0x88aee1c,0x0,0x0,0x0,0x0
0F Louise,LouiseName, LouiseDesc,0x0F,Sniper_F,LouiseMug,0x00,0x06,0x0E,0x01,0x09,0x06,0x08,0x0A,0x04,0x09,0x10,0x00,0x00,0x00,0x00,0xB5,0x00,0x00,0x00,0x00,0x3C,0x28,0x28,0x28,0x14,0x1E,0x1E,0x0,0x0,0x0,0x0,0x0,0x0,0x88aebc4,0x3,0x0,0x0,0x0
10 Lucius,LuciusName, LuciusDesc,0x10,Monk,LuciusMug,0x00,0x06,0x0F,0x03,0x00,0x06,0x05,0x08,0x00,0x01,0x02,0x00,0x00,0x00,0x00,0x00,0x00,0x00,0x1F,0x00,0x37,0x3C,0x32,0x28,0x0A,0x3C,0x14,0x0,0x0,0x0,0x0,0x0,0x0,0x88aed2c,0x3,0x0,0x0,0x0
11 Serra,SerraName, SerraDesc,0x11,Cleric,SerraMug,0x00,0x02,0x10,0x01,0x01,0x01,0x03,0x06,0x02,-1,0x06,0x00,0x00,0x00,0x00,0x00,0x1F,0x00,0x00,0x00,0x32,0x32,0x1E,0x28,0x0F,0x37,0x3C,0x0,0x0,0x0,0x0,0x0,0x0,0x88aed14,0x3,0x0,0x0,0x0
12 Renault,RenaultName, RenaultDesc,0x12,Bishop,RenaultMug,0x00,0x07,0x11,0x10,0x16,0x08,0x12,0x10,0x0C,0x0A,0x0A,0x02,0x00,0x00,0x00,0x00,0xB5,0x00,0xB5,0x00,0x3C,0x28,0x1E,0x23,0x14,0x28,0x0F,0x0,0x0,0x0,0x0,0x0,0x0,0x88aee34,0x7,0x0,0x0,0x0
13 Erk,ErkName, ErkDesc,0x13,Mage,ErkMug,0x00,0x02,0x12,0x01,0x01,0x04,0x04,0x04,-1,0x01,0x03,-1,0x00,0x00,0x00,0x00,0x00,0x1F,0x00,0x00,0x41,0x28,0x28,0x32,0x14,0x28,0x1E,0x0,0x0,0x0,0x0,0x0,0x0,0x88aecb4,0x0,0x0,0x0,0x0
14 Nino,NinoName, NinoDesc,0x14,Mage_F,NinoMug,0x00,0x01,0x13,0x05,0x03,0x06,0x05,0x09,0x02,0x03,0x0A,0x00,0x00,0x00,0x00,0x00,0x00,0x47,0x00,0x00,0x37,0x32,0x37,0x3C,0x0F,0x32,0x2D,0x0,0x0,0x0,0x0,0x0,0x0,0x88aed74,0x4,0x0,0x0,0x0
15 Pent,PentName, PentDesc,0x15,Sage,PentMug,0x00,0x04,0x14,0x06,0x0D,0x0D,0x11,0x0D,0x06,0x0B,0x0E,0x01,0x00,0x00,0x00,0x00,0xB5,0xB5,0x00,0x00,0x32,0x1E,0x14,0x28,0x1E,0x23,0x28,0x0,0x0,0x0,0x0,0x0,0x0,0x88aed8c,0x7,0x0,0x0,0x0
16 Canas,CanasName, CanasDesc,0x16,Shaman,CanasMug,0x00,0x07,0x15,0x08,0x05,0x08,0x08,0x06,0x03,0x04,0x07,0x00,0x00,0x00,0x00,0x00,0x00,0x00,0x00,0x79,0x46,0x2D,0x28,0x23,0x19,0x2D,0x19,0x0,0x0,0x0,0x0,0x0,0x0,0x88aeda4,0xc,0x0,0x0,0x0
17 Kent,KentName, KentDesc,0x17,Cavalier,KentMug,0x00,0x07,0x16,0x01,0x00,0x01,0x04,0x02,-1,0x01,0x02,0x00,0x1F,0x01,0x00,0x00,0x00,0x00,0x00,0x00,0x55,0x28,0x32,0x2D,0x19,0x19,0x14,0x0,0x0,0x0,0x0,0x0,0x0,0x88aedbc,0x6,0x0,0x0,0x0
18 Sain,SainName, SainDesc,0x18,Cavalier,SainMug,0x00,0x03,0x17,0x01,-1,0x03,0x02,0x01,0x00,0x00,0x04,0x00,0x01,0x1F,0x00,0x00,0x00,0x00,0x00,0x00,0x50,0x3C,0x23,0x28,0x14,0x14,0x23,0x0,0x0,0x0,0x0,0x0,0x0,0x88aedd4,0x5,0x0,0x0,0x0
19 Lowen,LowenName, LowenDesc,0x19,Cavalier,LowenMug,0x00,0x01,0x18,0x02,0x03,0x02,0x03,0x02,0x01,0x00,0x03,0x01,0x1F,0x1F,0x00,0x00,0x00,0x00,0x00,0x00,0x5A,0x1E,0x1E,0x1E,0x28,0x1E,0x32,0x0,0x0,0x0,0x0,0x0,0x0,0x88aedec,0xb,0x0,0x0,0x0
1A Marcus,Marcus2Name, Marcus2Desc,0x1A,Paladin,Marcus2Mug,0x00,0x04,0x19,0x01,0x08,0x08,0x0B,0x04,0x02,0x05,0x08,0x00,0xB5,0xB5,0x79,0x00,0x00,0x00,0x00,0x00,0x41,0x1E,0x32,0x19,0x0F,0x23,0x1E,0x0,0x0,0x0,0x0,0x0,0x0,0x88aee04,0x4,0x0,0x0,0x0
1B Priscilla,PriscillaName, PriscillaDesc,0x1B,Troubadour,PriscillaMug,0x00,0x03,0x1A,0x03,0x01,0x05,0x05,0x05,0x01,0x01,0x07,-1,0x00,0x00,0x00,0x00,0x47,0x00,0x00,0x00,0x2D,0x28,0x32,0x28,0x0F,0x32,0x41,0x0,0x0,0x0,0x0,0x0,0x0,0x0,0x0,0x0,0x0,0x0
1C Rath,RathName, RathDesc,0x1C,Nomad,RathMug,0x00,0x05,0x1B,0x07,0x09,0x03,0x05,0x05,0x03,0x02,0x05,0x01,0x00,0x00,0x00,0x47,0x00,0x00,0x00,0x00,0x50,0x32,0x28,0x32,0x0A,0x19,0x1E,0x0,0x0,0x0,0x0,0x0,0x0,0x88aee4c,0x0,0x0,0x0,0x0
1D Florina,FlorinaName, FlorinaDesc,0x1D,PegasusKnight,FlorinaMug,0x00,0x06,0x1C,0x01,0x03,0x01,0x02,0x04,0x01,0x02,0x07,-1,0x00,0x1F,0x00,0x00,0x00,0x00,0x00,0x00,0x3C,0x28,0x32,0x37,0x0F,0x23,0x32,0x0,0x0,0x0,0x0,0x0,0x0,0x88aee64,0x4,0x0,0x0,0x0
1E Fiora,FioraName, FioraDesc,0x1E,PegasusKnight,FioraMug,0x00,0x03,0x1D,0x07,0x07,0x04,0x06,0x08,0x03,0x05,0x06,0x00,0x00,0x47,0x00,0x00,0x00,0x00,0x00,0x00,0x46,0x23,0x3C,0x32,0x14,0x32,0x1E,0x0,0x0,0x0,0x0,0x0,0x0,0x88aee7c,0xc,0x0,0x0,0x0
1F Farina,FarinaName, FarinaDesc,0x1F,PegasusKnight,FarinaMug,0x00,0x07,0x1E,0x0C,0x0A,0x06,0x08,0x09,0x07,0x0A,0x0A,0x00,0x00,0xB5,0x00,0x00,0x00,0x00,0x00,0x00,0x4B,0x32,0x28,0x2D,0x19,0x1E,0x2D,0x0,0x0,0x0,0x0,0x0,0x0,0x88aee94,0x3,0x0,0x0,0x0
20 Heath,HeathName, HeathDesc,0x20,WyvernKnight,HeathMug,0x00,0x02,0x1F,0x07,0x08,0x04,0x05,0x02,0x02,0x01,0x07,-1,0x00,0x79,0x00,0x00,0x00,0x00,0x00,0x00,0x50,0x32,0x32,0x2D,0x1E,0x14,0x14,0x0,0x0,0x0,0x0,0x0,0x0,0x88aecfc,0x3,0x0,0x0,0x0
21 Vaida,VaidaName, VaidaDesc,0x21,WyvernLord_F,VaidaMug,0x00,0x01,0x20,0x09,0x13,0x0C,0x0C,0x06,0x0C,0x04,0x0B,0x02,0xB5,0xB5,0x00,0x00,0x00,0x00,0x00,0x00,0x3C,0x2D,0x19,0x28,0x19,0x0F,0x1E,0x0,0x0,0x0,0x0,0x0,0x0,0x88aeeac,0xa,0x0,0x0,0x0
22 Hawkeye,HawkeyeName, HawkeyeDesc,0x22,Berserker,HawkeyeMug,0x00,0x03,0x21,0x04,0x1A,0x0B,0x08,0x04,0x08,0x0A,0x0D,0x03,0x00,0x00,0xB5,0x00,0x00,0x00,0x00,0x00,0x32,0x28,0x1E,0x19,0x14,0x23,0x28,0x0,0x0,0x0,0x0,0x0,0x0,0x88aed44,0xa,0x0,0x0,0x0
23 Matthew,MatthewName, MatthewDesc,0x23,Thief,MatthewMug,0x00,0x03,0x22,0x02,0x02,0x01,0x03,0x02,0x01,0x00,0x02,0x01,0x1F,0x00,0x00,0x00,0x00,0x00,0x00,0x00,0x4B,0x1E,0x28,0x46,0x19,0x14,0x32,0x0,0x0,0x0,0x0,0x0,0x0,0x0,0x0,0x0,0x0,0x0
24 Jaffar,JaffarName, JaffarDesc,0x24,Assassin,JaffarMug,0x00,0x04,0x23,0x0D,0x12,0x10,0x18,0x0F,0x0D,0x0B,0x0A,0x02,0xB5,0x00,0x00,0x00,0x00,0x00,0x00,0x00,0x41,0x0F,0x28,0x23,0x1E,0x1E,0x14,0x0,0x0,0x0,0x0,0x0,0x0,0x0,0x0,0x0,0x0,0x0
25 Ninian,NinianName, NinianDesc,0x25,Dancer,NinianMug,0x00,0x04,0x24,0x01,0x00,-1,-2,0x05,0x05,0x03,0x0A,0x00,0x00,0x00,0x00,0x00,0x00,0x00,0x00,0x00,0x55,0x05,0x05,0x46,0x1E,0x46,0x50,0x0,0x0,0x0,0x0,0x0,0x0,0x0,0x0,0x0,0x0,0x0
26 Nils,NilsName, NilsDesc,0x26,Bard,NilsMug,0x00,0x04,0x25,0x01,0x00,-1,-2,0x05,0x04,0x04,0x0A,0x00,0x00,0x00,0x00,0x00,0x00,0x00,0x00,0x00,0x55,0x05,0x05,0x46,0x1E,0x46,0x50,0x0,0x0,0x0,0x0,0x0,0x0,0x0,0x0,0x0,0x0,0x0
27 Athos,AthosName, AthosDesc,0x27,Archsage,AthosMug,0x00,0x07,0x26,0x14,0x14,0x17,0x14,0x0F,0x0F,0x14,0x19,0x00,0x00,0x00,0x00,0x00,0xFB,0xFB,0xFB,0xFB,0x32,0x32,0x32,0x32,0x32,0x32,0x32,0x0,0x0,0x0,0x0,0x0,0x0,0x0,0x0,0x0,0x0,0x0
28 Merlinus,Merlinus2Name, Merlinus2Desc,0x28,Transporter,Merlinus2Mug,0x00,0x05,0x27,0x05,0x03,0x00,0x01,0x02,0x02,0x02,0x0C,0x00,0x00,0x00,0x00,0x00,0x00,0x00,0x00,0x00,0x78,0x00,0x5A,0x5A,0x1E,0x0F,0x64,0x0,0x0,0x0,0x0,0x0,0x0,0x0,0x0,0x0,0x0,0x0
29 Nils,NilsName, NilsDesc,0x29,Bard,NilsMug,0x00,0x04,0x25,0x01,0x00,-1,-2,0x05,0x04,0x04,0x0A,0x00,0x00,0x00,0x00,0x00,0x00,0x00,0x00,0x00,0x55,0x05,0x05,0x46,0x1E,0x46,0x50,0x0,0x0,0x0,0x0,0x0,0x0,0x0,0x0,0x0,0x0,0x0
2A Uther,UtherName, UtherDesc,0x2A,General,UtherMug,0x00,0x07,0x00,0x10,0x23,0x10,0x10,0x0C,0x09,0x0A,0x0C,0x01,0x00,0xB5,0xFB,0x00,0x00,0x00,0x00,0x00,0x41,0x46,0x1E,0x14,0x1E,0x1E,0x0F,0x0,0x0,0x0,0x0,0x0,0x0,0x0,0x0,0x0,0x0,0x0
2B Vaida,VaidaName, VaidaDesc,0x2B,WyvernLord_F,VaidaMug,0x00,0x01,0x20,0x09,0x13,0x0C,0x0C,0x06,0x0C,0x04,0x00,0x02,0xB5,0xB5,0x00,0x00,0x00,0x00,0x00,0x00,0x3C,0x2D,0x19,0x28,0x19,0x0F,0x1E,0x0,0x0,0x0,0x0,0x0,0x0,0x0,0x0,0x0,0x0,0x0
2C Wallace,WallaceName, WallaceDesc,0x2C,Knight,WallaceMug,0x00,0x02,0x28,0x0C,0x0D,0x08,0x05,0x05,0x06,0x02,0x0A,0x00,0x00,0xB5,0x00,0x00,0x00,0x00,0x00,0x00,0x46,0x2D,0x28,0x14,0x23,0x23,0x1E,0x0,0x0,0x0,0x0,0x0,0x0,0x0,0x0,0x0,0x0,0x0
2D Lyn,LynName, LynDesc,0x2D,0x02,LynMug,0x00,0x03,0x03,0x04,0x02,0x01,0x03,0x02,0x00,0x00,0x05,0x00,0x47,0x00,0x00,0x00,0x00,0x00,0x00,0x00,0x46,0x28,0x3C,0x3C,0x14,0x1E,0x37,0x0,0x0,0x0,0x0,0x0,0x0,0x0,0x0,0x0,0x0,0x0
2E Wil,WilName, WilDesc,0x2E,Archer,WilMug,0x00,0x03,0x0C,0x04,0x03,0x02,0x02,0x03,0x02,0x01,0x07,-1,0x00,0x00,0x00,0x1F,0x00,0x00,0x00,0x00,0x4B,0x32,0x32,0x28,0x14,0x19,0x28,0x0,0x0,0x0,0x0,0x0,0x0,0x0,0x0,0x0,0x0,0x0
2F Kent,KentName, KentDesc,0x2F,Cavalier,KentMug,0x00,0x07,0x16,0x05,0x03,0x03,0x05,0x03,0x00,0x01,0x04,0x00,0x1F,0x1F,0x00,0x00,0x00,0x00,0x00,0x00,0x55,0x28,0x32,0x2D,0x19,0x19,0x14,0x0,0x0,0x0,0x0,0x0,0x0,0x0,0x0,0x0,0x0,0x0
30 Sain,SainName, SainDesc,0x30,Cavalier,SainMug,0x00,0x03,0x17,0x04,0x02,0x04,0x03,0x02,0x01,0x00,0x05,0x00,0x1F,0x1F,0x00,0x00,0x00,0x00,0x00,0x00,0x50,0x3C,0x23,0x28,0x14,0x14,0x23,0x0,0x0,0x0,0x0,0x0,0x0,0x0,0x0,0x0,0x0,0x0
31 Florina,FlorinaName, FlorinaDesc,0x31,PegasusKnight,FlorinaMug,0x00,0x06,0x1C,0x03,0x04,0x02,0x03,0x04,0x01,0x03,0x08,-1,0x00,0x1F,0x00,0x00,0x00,0x00,0x00,0x00,0x3C,0x28,0x32,0x37,0x0F,0x23,0x32,0x0,0x0,0x0,0x0,0x0,0x0,0x0,0x0,0x0,0x0,0x0
32 Rath,RathName, RathDesc,0x32,Nomad,RathMug,0x00,0x05,0x1B,0x09,0x0B,0x04,0x06,0x06,0x04,0x02,0x05,0x00,0x00,0x00,0x00,0x79,0x00,0x00,0x00,0x00,0x50,0x32,0x28,0x32,0x0A,0x19,0x1E,0x0,0x0,0x0,0x0,0x0,0x0,0x0,0x0,0x0,0x0,0x0
33 Dart,DartName, DartDesc,0x33,Pirate,DartMug,0x00,0x01,0x00,0x08,0x0F,0x08,0x06,0x02,0x03,0x01,0x03,0x00,0x00,0x00,0x79,0x00,0x00,0x00,0x00,0x00,0x46,0x41,0x14,0x3C,0x14,0x0F,0x23,0x0,0x0,0x0,0x0,0x0,0x0,0x0,0x0,0x0,0x0,0x0
34 Isadora,IsadoraName, IsadoraDesc,0x34,Paladin_F,IsadoraMug,0x00,0x05,0x1E,0x01,0x05,0x07,0x06,0x05,0x01,0x00,0x0A,-3,0xB5,0x79,0x1F,0x00,0x00,0x00,0x00,0x00,0x4B,0x1E,0x23,0x32,0x14,0x19,0x2D,0x0,0x0,0x0,0x0,0x0,0x0,0x0,0x0,0x0,0x0,0x0
35 Eleanora,EleanoraName, EleanoraDesc,0x35,Peer_F,EleanoraMug,0x00,0x05,0x00,0x01,0x04,0x04,0x04,0x04,0x04,0x04,0x04,0x00,0x00,0x00,0x00,0x00,0x00,0xB5,0x00,0x00,0x32,0x1E,0x14,0x28,0x0A,0x28,0x32,0x0,0x0,0x0,0x0,0x0,0x0,0x0,0x0,0x0,0x0,0x0
36 Legault,LegaultName, LegaultDesc,0x36,Thief,LegaultMug,0x00,0x04,0x23,0x0C,0x0A,0x05,0x0A,0x06,0x06,0x03,0x0A,0x03,0x47,0x00,0x00,0x00,0x00,0x00,0x00,0x00,0x3C,0x19,0x2D,0x3C,0x19,0x19,0x3C,0x0,0x0,0x0,0x0,0x0,0x0,0x0,0x0,0x0,0x0,0x0
37 Karla,KarlaName, KarlaDesc,0x37,Swordmaster_F,KarlaMug,0x00,0x05,0x1C,0x05,0x0A,0x08,0x0A,0x06,0x07,0x09,0x10,0x00,0xB5,0x00,0x00,0x00,0x00,0x00,0x00,0x00,0x3C,0x19,0x2D,0x37,0x0A,0x14,0x28,0x0,0x0,0x0,0x0,0x0,0x0,0x0,0x0,0x0,0x0,0x0
38 Harken,HarkenName, HarkenDesc,0x38,Hero,HarkenMug,0x00,0x01,0x00,0x08,0x10,0x0F,0x0B,0x07,0x07,0x08,0x0C,0x01,0x79,0x00,0x79,0x00,0x00,0x00,0x00,0x00,0x50,0x23,0x1E,0x28,0x1E,0x19,0x14,0x0,0x0,0x0,0x0,0x0,0x0,0x0,0x0,0x0,0x0,0x0
39 Leila,LeilaName, LeilaDesc,0x39,Thief,LeilaMug,0x00,0x03,0x27,0x0E,0x09,0x0C,0x0D,0x0C,0x0B,0x0D,0x08,0x00,0xFB,0x00,0x00,0x00,0x00,0x00,0x00,0x00,0x50,0x46,0x41,0x00,0x1E,0x28,0x37,0x0,0x0,0x0,0x0,0x0,0x0,0x0,0x0,0x0,0x0,0x0
3A Bramimond,BramimondName, BramimondDesc,0x3A,Druid,BramimondMug,0x00,0x05,0x16,0x12,0x00,0x00,0x00,0x00,0x00,0x00,0x1C,0x00,0x00,0x00,0x00,0x00,0xFB,0x00,0x00,0xFB,0x5A,0x6E,0x50,0x5A,0x1E,0x5A,0x46,0x0,0x0,0x0,0x0,0x0,0x0,0x0,0x0,0x0,0x0,0x0
0x3B Lyon's Summon,0x2f1,0x33d,0x3b,0x7,0x0,0x7,DarkAffinity,0x25,1,0,3,2,3,0,0,20,0,NoRank,NoRank,CRank,NoRank,NoRank,NoRank,NoRank,NoRank,0,60,45,30,0,0,60,0x0,0x0,0x0,0x0,0x0,0x0,0x0,0x0,0x0,0x0,0x0
0x3C <Summon>,0x26d,0x32e,0x3c,0x31,0x0,0x0,NoAffinity,0x0,18,0,0,0,0,0,0,0,0,NoRank,NoRank,NoRank,NoRank,ERank,NoRank,NoRank,CRank,50,30,35,32,8,40,45,0x0,0x0,0x0,0x0,0x0,0x0,0x0,0x0,0x0,0x0,0x0
0x3D <'Summonern'>,0x26c,0x32e,0x3d,0x31,0x0,0x0,NoAffinity,0x0,9,0,0,0,0,0,0,0,0,NoRank,NoRank,NoRank,NoRank,ERank,NoRank,NoRank,CRank,50,30,35,32,8,40,45,0x0,0x0,0x0,0x0,0x0,0x0,0x0,0x0,0x0,0x0,0x0
0x3E Knoll's Summon,0x2f1,0x33d,0x3e,0x7,0x0,0x7,DarkAffinity,0x21,1,0,2,1,2,0,0,10,0,NoRank,NoRank,CRank,NoRank,NoRank,NoRank,NoRank,NoRank,0,50,50,40,0,0,55,0x0,0x0,0x0,0x0,0x0,0x0,0x0,0x0,0x0,0x0,0x0
0x3F Ewan's Summon,0x2f1,0x33d,0x3f,0x7,0x0,0x7,DarkAffinity,0x1a,1,0,1,2,1,0,0,0,0,NoRank,NoRank,CRank,NoRank,NoRank,NoRank,NoRank,NoRank,0,70,40,20,0,0,40,0x0,0x0,0x0,0x0,0x0,0x0,0x0,0x0,0x0,0x0,0x0
0x40 Lyon (Ch 17),0x234,0x28f,0x40,0x4f,0x4a,0x0,IceAffinity,0x0,14,26,13,9,6,14,11,4,0,NoRank,NoRank,NoRank,NoRank,ARank,NoRank,NoRank,SRank,85,50,55,55,45,55,30,0x0,0x0,0x0,0x0,0x0,IsBoss,0x0,0x0,0x0,0x0,0x0
0x41 Morva (Ch 20),0x235,0x290,0x41,0x3b,0x0,0x1,WindAffinity,0x0,18,42,16,10,11,3,7,7,0,NoRank,NoRank,NoRank,NoRank,NoRank,NoRank,NoRank,NoRank,150,100,90,70,160,80,30,0x0,0x0,0x0,0x0,0x0,IsBoss,0x0,0x0,0x0,0x0,0x0
0x42 Orson (Ch 5x),0x236,0x291,0x42,0x7,0x45,0x0,DarkAffinity,0x0,3,11,8,9,4,5,4,4,1,ARank,ARank,NoRank,NoRank,NoRank,NoRank,NoRank,NoRank,80,55,45,40,45,30,25,0x0,0x0,0x0,0x0,0x0,IsBoss,0x0,0x0,0x0,0x0,0x0
0x43 Valter (Ch 15),0x237,0x292,0x43,0x23,0x42,0x0,IceAffinity,0x0,13,25,12,10,9,6,11,3,1,NoRank,SRank,NoRank,NoRank,NoRank,NoRank,NoRank,NoRank,80,40,55,50,20,20,15,0x0,0x0,0x0,0x0,0x0,IsBoss,0x0,0x0,0x0,0x0,0x0
0x44 Selena (Ch 10B & 13B),0x238,0x293,0x44,0x2a,0x3f,0x0,ThunderAffinity,0x0,11,19,10,8,10,8,11,10,0,NoRank,NoRank,NoRank,NoRank,BRank,ARank,NoRank,NoRank,85,40,55,40,20,30,25,0x0,0x0,0x0,0x0,0x0,IsBoss|IsFemale,0x0,0x0,0x0,0x0,0x0
0x45 Valter (Prologue),0x237,0x292,0x45,0x23,0x42,0x0,IceAffinity,0x0,5,14,6,7,6,3,5,2,1,NoRank,ARank,NoRank,NoRank,NoRank,NoRank,NoRank,NoRank,85,50,10,10,10,15,30,0x0,0x0,0x0,0x0,0x0,IsBoss,0x0,0x0,0x0,0x0,0x0
0x46 Breguet (Ch 1),0x239,0x294,0x46,0x9,0x31,0x0,ThunderAffinity,0x0,4,3,3,0,1,0,0,2,0,NoRank,CRank,NoRank,NoRank,NoRank,NoRank,NoRank,NoRank,85,50,10,10,10,15,30,0x0,0x0,0x0,0x0,0x0,IsBoss,0x0,0x0,0x0,0x0,0x0
0x47 Bone (Ch 2),0x23a,0x295,0x47,0x41,0x32,0x0,IceAffinity,0x0,4,3,1,3,0,1,0,0,0,NoRank,NoRank,DRank,NoRank,NoRank,NoRank,NoRank,NoRank,85,50,10,10,10,15,30,0x0,0x0,0x0,0x0,0x0,IsBoss,0x0,0x0,0x0,0x0,0x0
0x48 Bazba (Ch 3),0x23b,0x296,0x48,0x41,0x33,0x0,FireAffinity,0x0,6,5,3,4,2,2,2,1,0,NoRank,NoRank,CRank,NoRank,NoRank,NoRank,NoRank,NoRank,85,50,10,10,10,15,30,0x0,0x0,0x0,0x0,0x0,IsBoss,0x0,0x0,0x0,0x0,0x0
0x49 Entombed (Ch 4),0x255,0x2b1,0x49,0x53,0x0,0x4,DarkAffinity,0x0,6,0,0,0,0,0,0,0,0,NoRank,NoRank,NoRank,NoRank,NoRank,NoRank,NoRank,NoRank,85,50,10,10,10,15,30,0x0,0x0,0x0,0x0,0x0,IsBoss,0x0,0x0,0x0,0x0,0x0
0x4A Saar (Ch 5),0x23c,0x297,0x4a,0x9,0x34,0x0,AnimaAffinity,0x0,8,13,6,5,3,2,3,4,0,NoRank,CRank,NoRank,NoRank,NoRank,NoRank,NoRank,NoRank,85,50,10,10,10,15,30,0x0,0x0,0x0,0x0,0x0,IsBoss,0x0,0x0,0x0,0x0,0x0
0x4B Novala (Ch 6),0x23d,0x298,0x4b,0x2d,0x36,0x0,FireAffinity,0x0,10,12,8,7,4,3,5,7,0,NoRank,NoRank,NoRank,NoRank,NoRank,NoRank,NoRank,CRank,85,50,10,10,10,15,30,0x0,0x0,0x0,0x0,0x0,IsBoss,0x0,0x0,0x0,0x0,0x0
0x4C Murray (Ch 7),0x23e,0x299,0x4c,0x5,0x37,0x0,LightAffinity,0x0,12,12,3,7,5,1,6,7,0,CRank,BRank,NoRank,NoRank,NoRank,NoRank,NoRank,NoRank,85,50,10,10,10,15,30,0x0,0x0,0x0,0x0,0x0,IsBoss,0x0,0x0,0x0,0x0,0x0
0x4D Tirado (Ch 8),0x23f,0x29a,0x4d,0xb,0x38,0x0,AnimaAffinity,0x0,1,19,5,4,2,1,5,2,0,BRank,ARank,BRank,NoRank,NoRank,NoRank,NoRank,NoRank,85,50,10,10,10,15,30,0x0,0x0,0x0,0x0,0x0,IsBoss,0x0,0x0,0x0,0x0,0x0
0x4E Binks (Ch 9A),0x240,0x29b,0x4e,0x40,0x39,0x0,DarkAffinity,0x0,5,14,8,5,2,7,8,3,0,NoRank,NoRank,BRank,CRank,NoRank,NoRank,NoRank,NoRank,85,50,10,10,10,15,30,0x0,0x0,0x0,0x0,0x0,IsBoss,0x0,0x0,0x0,0x0,0x0
0x4F Pablo (Ch 10A),0x241,0x29c,0x4f,0x27,0x3a,0x0,IceAffinity,0x0,7,16,8,5,8,2,12,9,0,NoRank,NoRank,NoRank,NoRank,CRank,BRank,CRank,NoRank,85,50,25,35,15,15,30,0x0,0x0,0x0,0x0,0x0,IsBoss,0x0,0x0,0x0,0x0,0x0
0x50 Maelduin (Ch 12A),0x255,0x2b1,0x50,0x5e,0x0,0x4,DarkAffinity,0x0,9,15,6,6,2,4,8,0,0,NoRank,NoRank,NoRank,NoRank,NoRank,NoRank,NoRank,NoRank,85,50,10,10,10,15,30,0x0,0x0,0x0,0x0,0x0,IsBoss,0x0,0x0,0x0,0x0,0x0
0x51 Aias (Ch 13A),0x242,0x29d,0x51,0x35,0x3b,0x0,AnimaAffinity,0x0,10,25,10,7,4,8,9,11,1,ARank,BRank,BRank,NoRank,NoRank,NoRank,NoRank,NoRank,85,50,35,35,25,15,30,0x0,0x0,0x0,0x0,0x0,IsBoss,0x0,0x0,0x0,0x0,0x0
0x52 Carlyle (Ch 14A),0x243,0x29e,0x52,0x15,0x3c,0x0,FireAffinity,0x0,11,20,6,6,8,4,8,8,0,ARank,NoRank,NoRank,NoRank,NoRank,NoRank,NoRank,NoRank,85,65,10,10,20,20,30,0x0,0x0,0x0,0x0,0x0,IsBoss,0x0,0x0,0x0,0x0,0x0
0x53 Caellach (Ch 15),0x244,0x29f,0x53,0x11,0x43,0x0,ThunderAffinity,0x0,12,25,13,5,3,7,11,14,2,ARank,NoRank,SRank,NoRank,NoRank,NoRank,NoRank,NoRank,85,50,45,45,30,20,20,0x0,0x0,0x0,0x0,0x0,IsBoss,0x0,0x0,0x0,0x0,0x0
0x54 Pablo (Ch 13A),0x241,0x29c,0x54,0x27,0x3a,0x0,IceAffinity,0x0,7,14,8,5,8,2,12,9,0,NoRank,NoRank,NoRank,NoRank,CRank,BRank,CRank,NoRank,85,50,10,10,10,15,30,0x0,0x0,0x0,0x0,0x0,0x0,0x0,0x0,0x0,0x0,0x0
0x55 -,0x267,0x0,0x55,0x41,0x0,0x3,NoAffinity,0x0,1,0,0,0,0,0,0,0,0,NoRank,NoRank,NoRank,NoRank,NoRank,NoRank,NoRank,NoRank,85,50,10,10,10,15,30,0x0,0x0,0x0,0x0,0x0,IsBoss,0x0,0x0,0x0,0x0,0x0
0x56 Gorgon (Ch 18),0x255,0x2b1,0x56,0x61,0x0,0x4,DarkAffinity,0x0,15,25,10,11,7,5,12,3,0,NoRank,NoRank,NoRank,NoRank,NoRank,NoRank,NoRank,ARank,85,65,20,40,15,40,30,0x0,0x0,0x0,0x0,0x0,IsBoss,0x0,0x0,0x0,0x0,0x0
0x57 Riev (Ch 19 & 20),0x246,0x2a0,0x57,0x2b,0x48,0x0,DarkAffinity,0x0,16,28,10,17,15,13,10,9,0,NoRank,NoRank,NoRank,NoRank,ARank,NoRank,SRank,NoRank,75,45,50,40,20,45,15,0x0,0x0,0x0,0x0,0x0,IsBoss,0x0,0x0,0x0,0x0,0x0
0x58 -,0x267,0x0,0x58,0x41,0x0,0x3,NoAffinity,0x0,1,0,0,0,0,0,0,0,0,NoRank,NoRank,NoRank,NoRank,NoRank,NoRank,NoRank,NoRank,85,50,10,10,10,15,30,0x0,0x0,0x0,0x0,0x0,IsBoss,0x0,0x0,0x0,0x0,0x0
0x59 -,0x267,0x0,0x59,0x41,0x0,0x3,NoAffinity,0x0,1,0,0,0,0,0,0,0,0,NoRank,NoRank,NoRank,NoRank,NoRank,NoRank,NoRank,NoRank,85,50,10,10,10,15,30,0x0,0x0,0x0,0x0,0x0,IsBoss,0x0,0x0,0x0,0x0,0x0
0x5A Gheb (Ch 9B),0x247,0x2a1,0x5a,0x40,0x3d,0x0,ThunderAffinity,0x0,5,17,10,3,0,8,5,1,3,NoRank,NoRank,ARank,DRank,NoRank,NoRank,NoRank,NoRank,85,50,10,10,10,15,30,0x0,0x0,0x0,0x0,0x0,IsBoss,0x0,0x0,0x0,0x0,0x0
0x5B Beran (Ch 10B),0x248,0x2a2,0x5b,0x1d,0x3e,0x0,IceAffinity,0x0,7,22,8,7,7,8,9,6,0,BRank,NoRank,NoRank,ARank,NoRank,NoRank,NoRank,NoRank,85,50,35,35,25,15,30,0x0,0x0,0x0,0x0,0x0,IsBoss,0x0,0x0,0x0,0x0,0x0
0x5C Cyclops (Ch 12B),0x255,0x2b1,0x5c,0x5a,0x0,0x4,DarkAffinity,0x0,9,18,7,3,3,2,10,0,0,NoRank,NoRank,NoRank,NoRank,NoRank,NoRank,NoRank,NoRank,85,50,35,35,25,15,30,0x0,0x0,0x0,0x0,0x0,IsBoss,0x0,0x0,0x0,0x0,0x0
0x5D Wight (Ch 11A),0x255,0x2b1,0x5d,0x56,0x0,0x4,DarkAffinity,0x0,8,15,5,10,7,4,7,1,0,NoRank,NoRank,NoRank,NoRank,NoRank,NoRank,NoRank,NoRank,85,50,10,10,10,15,30,0x0,0x0,0x0,0x0,0x0,IsBoss,0x0,0x0,0x0,0x0,0x0
0x5E Deathgoyle (Ch 11B),0x255,0x2b1,0x5e,0x64,0x0,0x4,DarkAffinity,0x0,8,14,5,9,6,4,4,0,0,NoRank,NoRank,NoRank,NoRank,NoRank,NoRank,NoRank,NoRank,85,50,10,10,10,15,30,0x0,0x0,0x0,0x0,0x0,IsBoss,0x0,0x0,0x0,0x0,0x0
0x5F Entombed (Monster Boss),0x255,0x2b1,0x5f,0x53,0x0,0x4,DarkAffinity,0x0,1,7,2,2,1,2,2,1,0,NoRank,NoRank,NoRank,NoRank,NoRank,NoRank,NoRank,NoRank,85,50,35,35,15,15,30,0x0,0x0,0x0,0x0,0x0,IsBoss,0x0,0x0,0x0,0x0,0x0
0x60 -,0x267,0x0,0x60,0x41,0x0,0x3,NoAffinity,0x0,1,0,0,0,0,0,0,0,0,NoRank,NoRank,NoRank,NoRank,NoRank,NoRank,NoRank,NoRank,85,50,10,10,10,15,30,0x0,0x0,0x0,0x0,0x0,IsBoss,0x0,0x0,0x0,0x0,0x0
0x61 -,0x267,0x0,0x61,0x41,0x0,0x3,NoAffinity,0x0,1,0,0,0,0,0,0,0,0,NoRank,NoRank,NoRank,NoRank,NoRank,NoRank,NoRank,NoRank,85,50,10,10,10,15,30,0x0,0x0,0x0,0x0,0x0,IsBoss,0x0,0x0,0x0,0x0,0x0
0x62 -,0x267,0x0,0x62,0x41,0x0,0x3,NoAffinity,0x0,1,0,0,0,0,0,0,0,0,NoRank,NoRank,NoRank,NoRank,NoRank,NoRank,NoRank,NoRank,85,50,10,10,10,15,30,0x0,0x0,0x0,0x0,0x0,IsBoss,0x0,0x0,0x0,0x0,0x0
0x63 -,0x267,0x0,0x63,0x41,0x0,0x3,NoAffinity,0x0,1,0,0,0,0,0,0,0,0,NoRank,NoRank,NoRank,NoRank,NoRank,NoRank,NoRank,NoRank,85,50,10,10,10,15,30,0x0,0x0,0x0,0x0,0x0,IsBoss,0x0,0x0,0x0,0x0,0x0
0x64 Hunter,0x250,0x2ac,0x64,0xd,0x0,0x6,NoAffinity,0x0,1,0,0,0,0,0,0,0,0,NoRank,NoRank,NoRank,NoRank,NoRank,NoRank,NoRank,NoRank,85,50,10,10,10,15,30,0x0,0x0,0x0,0x0,0x0,0x0,0x0,0x0,0x0,0x0,0x0
0x65 Bandit (Carcino?),0x24f,0x2ad,0x65,0x41,0x0,0x6,NoAffinity,0x0,1,0,0,0,0,0,0,0,0,NoRank,NoRank,NoRank,NoRank,NoRank,NoRank,NoRank,NoRank,60,20,30,35,15,15,25,0x0,0x0,0x0,0x0,0x0,0x0,0x0,0x0,0x0,0x0,0x0
0x66 Brigand,0x24f,0x2ad,0x66,0x41,0x4c,0x6,ThunderAffinity,0x0,1,2,2,2,2,2,2,2,0,NoRank,NoRank,NoRank,NoRank,NoRank,NoRank,NoRank,NoRank,60,20,30,35,15,15,25,0x0,0x0,0x0,0x0,0x0,0x0,0x0,0x0,0x0,0x0,0x0
0x67 Bandit (Unused?),0x24f,0x2ad,0x67,0x41,0x4d,0x6,NoAffinity,0x0,1,0,0,0,0,0,0,0,0,NoRank,NoRank,NoRank,NoRank,NoRank,NoRank,NoRank,NoRank,60,20,30,35,15,15,25,0x0,0x0,0x0,0x0,0x0,0x0,0x0,0x0,0x0,0x0,0x0
0x68 O'Neill (Prologue),0x249,0x2a3,0x68,0x3f,0x30,0x0,FireAffinity,0x0,4,3,1,2,3,0,0,0,0,NoRank,NoRank,CRank,NoRank,NoRank,NoRank,NoRank,NoRank,85,50,10,10,10,15,30,0x0,0x0,0x0,0x0,0x0,IsBoss,0x0,0x0,0x0,0x0,0x0
0x69 Glen (Cutscene),0x24a,0x2a4,0x69,0x21,0x4b,0x0,WindAffinity,0x0,12,21,11,12,6,8,4,7,1,BRank,ARank,NoRank,NoRank,NoRank,NoRank,NoRank,NoRank,85,50,10,10,10,15,30,0x0,0x0,0x0,0x0,0x0,IsBoss,0x0,0x0,0x0,0x0,0x0
0x6A Zonta (Ch 5x),0x24b,0x2a5,0x6a,0xf,0x35,0x0,LightAffinity,0x0,8,7,5,0,1,2,6,4,0,CRank,NoRank,NoRank,NoRank,NoRank,NoRank,NoRank,NoRank,85,50,10,10,10,15,30,0x0,0x0,0x0,0x0,0x0,IsBoss,0x0,0x0,0x0,0x0,0x0
0x6B Vigarde (Ch 14B),0x24c,0x2a6,0x6b,0xb,0x40,0x0,AnimaAffinity,0x0,13,31,13,10,8,7,9,9,2,ARank,SRank,ARank,NoRank,NoRank,NoRank,NoRank,NoRank,85,50,10,10,10,15,30,0x0,0x0,0x0,0x0,0x0,IsBoss,0x0,0x0,0x0,0x0,0x0
0x6C Lyon (Ch Final),0x234,0x2a7,0x6c,0x4f,0x4a,0x0,IceAffinity,0x0,18,55,20,15,10,23,21,9,0,NoRank,NoRank,NoRank,NoRank,ARank,NoRank,NoRank,SRank,60,20,30,35,15,15,25,0x0,0x0,0x0,0x0,0x0,IsBoss,0x0,0x0,0x0,0x0,0x0
0x6D Orson (Ch 16),0x236,0x2a8,0x6d,0x7,0x44,0x0,DarkAffinity,0x0,13,25,11,11,7,6,8,6,1,ARank,ARank,NoRank,NoRank,NoRank,NoRank,NoRank,NoRank,60,20,30,35,15,15,25,0x0,0x0,0x0,0x0,0x0,IsBoss,0x0,0x0,0x0,0x0,0x0
0x6E -,0x267,0x0,0x6e,0x41,0x0,0x0,NoAffinity,0x0,0,0,0,0,0,0,0,0,0,NoRank,NoRank,NoRank,NoRank,NoRank,NoRank,NoRank,NoRank,60,20,30,35,15,15,25,0x0,0x0,0x0,0x0,0x0,0x0,0x0,0x0,0x0,0x0,0x0
0x6F -,0x267,0x0,0x6f,0x41,0x0,0x0,NoAffinity,0x0,0,0,0,0,0,0,0,0,0,NoRank,NoRank,NoRank,NoRank,NoRank,NoRank,NoRank,NoRank,60,20,30,35,15,15,25,0x0,0x0,0x0,0x0,0x0,0x0,0x0,0x0,0x0,0x0,0x0
0x70 -,0x267,0x0,0x70,0x41,0x0,0x0,NoAffinity,0x0,0,0,0,0,0,0,0,0,0,NoRank,NoRank,NoRank,NoRank,NoRank,NoRank,NoRank,NoRank,60,20,30,35,15,15,25,0x0,0x0,0x0,0x0,0x0,0x0,0x0,0x0,0x0,0x0,0x0
0x71 -,0x267,0x0,0x71,0x41,0x0,0x0,NoAffinity,0x0,0,0,0,0,0,0,0,0,0,NoRank,NoRank,NoRank,NoRank,NoRank,NoRank,NoRank,NoRank,60,20,30,35,15,15,25,0x0,0x0,0x0,0x0,0x0,0x0,0x0,0x0,0x0,0x0,0x0
0x72 -,0x267,0x0,0x72,0x41,0x0,0x0,NoAffinity,0x0,0,0,0,0,0,0,0,0,0,NoRank,NoRank,NoRank,NoRank,NoRank,NoRank,NoRank,NoRank,60,20,30,35,15,15,25,0x0,0x0,0x0,0x0,0x0,0x0,0x0,0x0,0x0,0x0,0x0
0x73 -,0x267,0x0,0x73,0x41,0x0,0x0,NoAffinity,0x0,0,0,0,0,0,0,0,0,0,NoRank,NoRank,NoRank,NoRank,NoRank,NoRank,NoRank,NoRank,60,20,30,35,15,15,25,0x0,0x0,0x0,0x0,0x0,0x0,0x0,0x0,0x0,0x0,0x0
0x74 -,0x267,0x0,0x74,0x41,0x0,0x0,NoAffinity,0x0,0,0,0,0,0,0,0,0,0,NoRank,NoRank,NoRank,NoRank,NoRank,NoRank,NoRank,NoRank,60,20,30,35,15,15,25,0x0,0x0,0x0,0x0,0x0,0x0,0x0,0x0,0x0,0x0,0x0
0x75 -,0x267,0x0,0x75,0x41,0x0,0x0,NoAffinity,0x0,0,0,0,0,0,0,0,0,0,NoRank,NoRank,NoRank,NoRank,NoRank,NoRank,NoRank,NoRank,60,20,30,35,15,15,25,0x0,0x0,0x0,0x0,0x0,0x0,0x0,0x0,0x0,0x0,0x0
0x76 -,0x267,0x0,0x76,0x41,0x0,0x0,NoAffinity,0x0,0,0,0,0,0,0,0,0,0,NoRank,NoRank,NoRank,NoRank,NoRank,NoRank,NoRank,NoRank,60,20,30,35,15,15,25,0x0,0x0,0x0,0x0,0x0,0x0,0x0,0x0,0x0,0x0,0x0
0x77 -,0x267,0x0,0x77,0x41,0x0,0x0,NoAffinity,0x0,0,0,0,0,0,0,0,0,0,NoRank,NoRank,NoRank,NoRank,NoRank,NoRank,NoRank,NoRank,60,20,30,35,15,15,25,0x0,0x0,0x0,0x0,0x0,0x0,0x0,0x0,0x0,0x0,0x0
0x78 -,0x267,0x0,0x78,0x41,0x0,0x0,NoAffinity,0x0,0,0,0,0,0,0,0,0,0,NoRank,NoRank,NoRank,NoRank,NoRank,NoRank,NoRank,NoRank,60,20,30,35,15,15,25,0x0,0x0,0x0,0x0,0x0,0x0,0x0,0x0,0x0,0x0,0x0
0x79 -,0x267,0x0,0x79,0x41,0x0,0x0,NoAffinity,0x0,0,0,0,0,0,0,0,0,0,NoRank,NoRank,NoRank,NoRank,NoRank,NoRank,NoRank,NoRank,60,20,30,35,15,15,25,0x0,0x0,0x0,0x0,0x0,0x0,0x0,0x0,0x0,0x0,0x0
0x7A -,0x267,0x0,0x7a,0x41,0x0,0x0,NoAffinity,0x0,0,0,0,0,0,0,0,0,0,NoRank,NoRank,NoRank,NoRank,NoRank,NoRank,NoRank,NoRank,60,20,30,35,15,15,25,0x0,0x0,0x0,0x0,0x0,0x0,0x0,0x0,0x0,0x0,0x0
0x7B -,0x267,0x0,0x7b,0x41,0x0,0x0,NoAffinity,0x0,0,0,0,0,0,0,0,0,0,NoRank,NoRank,NoRank,NoRank,NoRank,NoRank,NoRank,NoRank,60,20,30,35,15,15,25,0x0,0x0,0x0,0x0,0x0,0x0,0x0,0x0,0x0,0x0,0x0
0x7C -,0x267,0x0,0x7c,0x41,0x0,0x0,NoAffinity,0x0,0,0,0,0,0,0,0,0,0,NoRank,NoRank,NoRank,NoRank,NoRank,NoRank,NoRank,NoRank,60,20,30,35,15,15,25,0x0,0x0,0x0,0x0,0x0,0x0,0x0,0x0,0x0,0x0,0x0
0x7D -,0x267,0x0,0x7d,0x41,0x0,0x0,NoAffinity,0x0,0,0,0,0,0,0,0,0,0,NoRank,NoRank,NoRank,NoRank,NoRank,NoRank,NoRank,NoRank,60,20,30,35,15,15,25,0x0,0x0,0x0,0x0,0x0,0x0,0x0,0x0,0x0,0x0,0x0
0x7E -,0x267,0x0,0x7e,0x41,0x0,0x0,NoAffinity,0x0,0,0,0,0,0,0,0,0,0,NoRank,NoRank,NoRank,NoRank,NoRank,NoRank,NoRank,NoRank,60,20,30,35,15,15,25,0x0,0x0,0x0,0x0,0x0,0x0,0x0,0x0,0x0,0x0,0x0
0x7F -,0x24d,0x2a9,0x7f,0x5,0x0,0x3,NoAffinity,0x0,1,3,2,1,2,2,0,1,0,NoRank,NoRank,NoRank,NoRank,NoRank,NoRank,NoRank,NoRank,60,20,30,35,15,15,25,0x0,0x0,0x0,0x0,0x0,0x0,0x0,0x0,0x0,0x0,0x0
0x80 Grado Soldier (Main),0x24d,0x2a9,0x80,0x3f,0x0,0x3,NoAffinity,0x0,1,0,0,0,0,0,0,0,0,NoRank,NoRank,NoRank,NoRank,NoRank,NoRank,NoRank,NoRank,60,20,30,35,15,15,25,0x0,0x0,0x0,0x0,0x0,0x0,0x0,0x0,0x0,0x0,0x0
0x81 -,0x24d,0x2a9,0x81,0x19,0x0,0x3,NoAffinity,0x0,1,0,0,0,0,0,0,0,0,NoRank,NoRank,NoRank,NoRank,NoRank,NoRank,NoRank,NoRank,60,20,30,35,15,15,25,0x0,0x0,0x0,0x0,0x0,0x0,0x0,0x0,0x0,0x0,0x0
0x82 -,0x24d,0x2a9,0x82,0x3f,0x0,0x3,NoAffinity,0x0,1,2,0,-1,-3,3,0,0,0,NoRank,NoRank,NoRank,NoRank,NoRank,NoRank,NoRank,NoRank,60,20,30,35,15,15,25,0x0,0x0,0x0,0x0,0x0,0x0,0x0,0x0,0x0,0x0,0x0
0x83 -,0x24d,0x2a9,0x83,0x4e,0x0,0x3,NoAffinity,0x0,1,0,0,0,0,0,0,0,0,NoRank,NoRank,NoRank,NoRank,NoRank,NoRank,NoRank,NoRank,60,20,30,35,15,15,25,0x0,0x0,0x0,0x0,0x0,0x0,0x0,0x0,0x0,0x0,0x0
0x84 -,0x24d,0x2a9,0x84,0x9,0x0,0x3,NoAffinity,0x0,1,0,0,0,0,0,0,0,0,NoRank,NoRank,NoRank,NoRank,NoRank,NoRank,NoRank,NoRank,60,20,30,35,15,15,25,0x0,0x0,0x0,0x0,0x0,0x0,0x0,0x0,0x0,0x0,0x0
0x85 -,0x24d,0x2a9,0x85,0x5,0x0,0x3,NoAffinity,0x0,1,0,0,0,0,0,0,0,0,NoRank,NoRank,NoRank,NoRank,NoRank,NoRank,NoRank,NoRank,60,20,30,35,15,15,25,0x0,0x0,0x0,0x0,0x0,0x0,0x0,0x0,0x0,0x0,0x0
0x86 -,0x24d,0x2a9,0x86,0x13,0x0,0x3,NoAffinity,0x0,1,0,0,0,0,0,0,0,0,NoRank,NoRank,NoRank,NoRank,NoRank,NoRank,NoRank,NoRank,60,20,30,35,15,15,25,0x0,0x0,0x0,0x0,0x0,0x0,0x0,0x0,0x0,0x0,0x0
0x87 -,0x24d,0x2a9,0x87,0xf,0x0,0x3,NoAffinity,0x0,1,0,0,0,0,0,0,0,0,NoRank,NoRank,NoRank,NoRank,NoRank,NoRank,NoRank,NoRank,60,20,30,35,15,15,25,0x0,0x0,0x0,0x0,0x0,0x0,0x0,0x0,0x0,0x0,0x0
0x88 -,0x24d,0x2a9,0x88,0xd,0x0,0x3,NoAffinity,0x0,1,0,0,0,0,0,0,0,0,NoRank,NoRank,NoRank,NoRank,NoRank,NoRank,NoRank,NoRank,60,20,30,35,15,15,25,0x0,0x0,0x0,0x0,0x0,0x0,0x0,0x0,0x0,0x0,0x0
0x89 Grado (Duessel's),0x24d,0x2a9,0x89,0x25,0x0,0x3,NoAffinity,0x0,1,0,0,0,0,0,0,0,0,NoRank,NoRank,NoRank,NoRank,NoRank,NoRank,NoRank,NoRank,60,20,30,35,15,15,25,0x0,0x0,0x0,0x0,0x0,0x0,0x0,0x0,0x0,0x0,0x0
0x8A Grado (Duessel's),0x24d,0x2a9,0x8a,0x44,0x0,0x3,NoAffinity,0x0,1,0,0,0,0,0,0,0,0,NoRank,NoRank,NoRank,NoRank,NoRank,NoRank,NoRank,NoRank,60,20,30,35,15,15,25,0x0,0x0,0x0,0x0,0x0,0x0,0x0,0x0,0x0,0x0,0x0
0x8B Grado (Duessel's),0x24d,0x2a9,0x8b,0x2d,0x0,0x3,NoAffinity,0x0,1,0,0,0,0,0,0,0,0,NoRank,NoRank,NoRank,NoRank,NoRank,NoRank,NoRank,NoRank,60,20,30,35,15,15,25,0x0,0x0,0x0,0x0,0x0,0x0,0x0,0x0,0x0,0x0,0x0
0x8C Grado,0x24d,0x2a9,0x8c,0x4b,0x0,0x3,NoAffinity,0x0,1,0,0,0,0,0,0,0,0,NoRank,NoRank,NoRank,NoRank,NoRank,NoRank,NoRank,NoRank,60,20,30,35,15,15,25,0x0,0x0,0x0,0x0,0x0,IsFemale,0x0,0x0,0x0,0x0,0x0
0x8D Grado Remnant (Main),0x24e,0x2aa,0x8d,0x9,0x0,0x3,NoAffinity,0x0,1,0,0,0,0,0,0,0,0,NoRank,NoRank,NoRank,NoRank,NoRank,NoRank,NoRank,NoRank,60,20,30,35,15,15,25,0x0,0x0,0x0,0x0,0x0,0x0,0x0,0x0,0x0,0x0,0x0
0x8E Cutthroat,0x254,0x2ae,0x8e,0x41,0x0,0x6,NoAffinity,0x0,1,0,0,0,0,0,0,0,0,NoRank,NoRank,NoRank,NoRank,NoRank,NoRank,NoRank,NoRank,60,20,30,35,15,15,25,0x0,0x0,0x0,0x0,0x0,0x0,0x0,0x0,0x0,0x0,0x0
0x8F Grado Remnant (Cutscene/C16),0x24e,0x2aa,0x8f,0x5,0x0,0x3,NoAffinity,0x0,1,0,0,0,0,0,0,0,0,NoRank,NoRank,NoRank,NoRank,NoRank,NoRank,NoRank,NoRank,60,20,30,35,15,15,25,0x0,0x0,0x0,0x0,0x0,0x0,0x0,0x0,0x0,0x0,0x0
0x90 Grado Remnant (C16),0x24e,0x2aa,0x90,0x2d,0x0,0x3,NoAffinity,0x0,1,0,0,0,0,0,0,0,0,NoRank,NoRank,NoRank,NoRank,NoRank,NoRank,NoRank,NoRank,60,20,30,35,15,15,25,0x0,0x0,0x0,0x0,0x0,0x0,0x0,0x0,0x0,0x0,0x0
0x91 Grado Remnant (C16),0x24e,0x2aa,0x91,0x25,0x0,0x3,NoAffinity,0x0,1,0,0,0,0,0,0,0,0,NoRank,NoRank,NoRank,NoRank,NoRank,NoRank,NoRank,NoRank,60,20,30,35,15,15,25,0x0,0x0,0x0,0x0,0x0,0x0,0x0,0x0,0x0,0x0,0x0
0x92 Wraith (Sage),0x267,0x0,0x92,0x41,0x0,0x3,NoAffinity,0x0,0,0,0,0,0,0,0,0,0,NoRank,NoRank,NoRank,NoRank,NoRank,NoRank,NoRank,NoRank,0,0,0,0,0,0,0,0x0,0x0,0x0,0x0,0x0,0x0,0x0,0x0,0x0,0x0,0x0
0x93 Wraith (Swords),0x267,0x0,0x93,0x41,0x0,0x3,NoAffinity,0x0,0,0,0,0,0,0,0,0,0,NoRank,NoRank,NoRank,NoRank,NoRank,NoRank,NoRank,NoRank,0,0,0,0,0,0,0,0x0,0x0,0x0,0x0,0x0,0x0,0x0,0x0,0x0,0x0,0x0
0x94 Wraith (Axes),0x267,0x0,0x94,0x41,0x0,0x3,NoAffinity,0x0,0,0,0,0,0,0,0,0,0,NoRank,NoRank,NoRank,NoRank,NoRank,NoRank,NoRank,NoRank,0,0,0,0,0,0,0,0x0,0x0,0x0,0x0,0x0,0x0,0x0,0x0,0x0,0x0,0x0
0x95 -,0x267,0x0,0x95,0x41,0x0,0x3,NoAffinity,0x0,0,0,0,0,0,0,0,0,0,NoRank,NoRank,NoRank,NoRank,NoRank,NoRank,NoRank,NoRank,0,0,0,0,0,0,0,0x0,0x0,0x0,0x0,0x0,0x0,0x0,0x0,0x0,0x0,0x0
0x96 -,0x267,0x0,0x96,0x41,0x0,0x3,NoAffinity,0x0,0,0,0,0,0,0,0,0,0,NoRank,NoRank,NoRank,NoRank,NoRank,NoRank,NoRank,NoRank,0,0,0,0,0,0,0,0x0,0x0,0x0,0x0,0x0,0x0,0x0,0x0,0x0,0x0,0x0
0x97 -,0x267,0x0,0x97,0x41,0x0,0x3,NoAffinity,0x0,0,0,0,0,0,0,0,0,0,NoRank,NoRank,NoRank,NoRank,NoRank,NoRank,NoRank,NoRank,0,0,0,0,0,0,0,0x0,0x0,0x0,0x0,0x0,0x0,0x0,0x0,0x0,0x0,0x0
0x98 -,0x267,0x0,0x98,0x41,0x0,0x3,NoAffinity,0x0,0,0,0,0,0,0,0,0,0,NoRank,NoRank,NoRank,NoRank,NoRank,NoRank,NoRank,NoRank,0,0,0,0,0,0,0,0x0,0x0,0x0,0x0,0x0,0x0,0x0,0x0,0x0,0x0,0x0
0x99 -,0x267,0x0,0x99,0x41,0x0,0x3,NoAffinity,0x0,0,0,0,0,0,0,0,0,0,NoRank,NoRank,NoRank,NoRank,NoRank,NoRank,NoRank,NoRank,0,0,0,0,0,0,0,0x0,0x0,0x0,0x0,0x0,0x0,0x0,0x0,0x0,0x0,0x0
0x9A -,0x267,0x0,0x9a,0x41,0x0,0x3,NoAffinity,0x0,0,0,0,0,0,0,0,0,0,NoRank,NoRank,NoRank,NoRank,NoRank,NoRank,NoRank,NoRank,0,0,0,0,0,0,0,0x0,0x0,0x0,0x0,0x0,0x0,0x0,0x0,0x0,0x0,0x0
0x9B -,0x267,0x0,0x9b,0x41,0x0,0x3,NoAffinity,0x0,0,0,0,0,0,0,0,0,0,NoRank,NoRank,NoRank,NoRank,NoRank,NoRank,NoRank,NoRank,0,0,0,0,0,0,0,0x0,0x0,0x0,0x0,0x0,0x0,0x0,0x0,0x0,0x0,0x0
0x9C -,0x267,0x0,0x9c,0x41,0x0,0x3,NoAffinity,0x0,0,0,0,0,0,0,0,0,0,NoRank,NoRank,NoRank,NoRank,NoRank,NoRank,NoRank,NoRank,0,0,0,0,0,0,0,0x0,0x0,0x0,0x0,0x0,0x0,0x0,0x0,0x0,0x0,0x0
0x9D -,0x267,0x0,0x9d,0x41,0x0,0x3,NoAffinity,0x0,0,0,0,0,0,0,0,0,0,NoRank,NoRank,NoRank,NoRank,NoRank,NoRank,NoRank,NoRank,0,0,0,0,0,0,0,0x0,0x0,0x0,0x0,0x0,0x0,0x0,0x0,0x0,0x0,0x0
0x9E -,0x267,0x0,0x9e,0x41,0x0,0x3,NoAffinity,0x0,0,0,0,0,0,0,0,0,0,NoRank,NoRank,NoRank,NoRank,NoRank,NoRank,NoRank,NoRank,0,0,0,0,0,0,0,0x0,0x0,0x0,0x0,0x0,0x0,0x0,0x0,0x0,0x0,0x0
0x9F -,0x267,0x0,0x9f,0x41,0x0,0x3,NoAffinity,0x0,0,0,0,0,0,0,0,0,0,NoRank,NoRank,NoRank,NoRank,NoRank,NoRank,NoRank,NoRank,0,0,0,0,0,0,0,0x0,0x0,0x0,0x0,0x0,0x0,0x0,0x0,0x0,0x0,0x0
0xA0 -,0x267,0x0,0xa0,0x41,0x0,0x3,NoAffinity,0x0,0,0,0,0,0,0,0,0,0,NoRank,NoRank,NoRank,NoRank,NoRank,NoRank,NoRank,NoRank,0,0,0,0,0,0,0,0x0,0x0,0x0,0x0,0x0,0x0,0x0,0x0,0x0,0x0,0x0
0xA1 -,0x267,0x0,0xa1,0x41,0x0,0x3,NoAffinity,0x0,0,0,0,0,0,0,0,0,0,NoRank,NoRank,NoRank,NoRank,NoRank,NoRank,NoRank,NoRank,0,0,0,0,0,0,0,0x0,0x0,0x0,0x0,0x0,0x0,0x0,0x0,0x0,0x0,0x0
0xA2 -,0x267,0x0,0xa2,0x41,0x0,0x3,NoAffinity,0x0,0,0,0,0,0,0,0,0,0,NoRank,NoRank,NoRank,NoRank,NoRank,NoRank,NoRank,NoRank,0,0,0,0,0,0,0,0x0,0x0,0x0,0x0,0x0,0x0,0x0,0x0,0x0,0x0,0x0
0xA3 -,0x267,0x0,0xa3,0x41,0x0,0x3,NoAffinity,0x0,0,0,0,0,0,0,0,0,0,NoRank,NoRank,NoRank,NoRank,NoRank,NoRank,NoRank,NoRank,0,0,0,0,0,0,0,0x0,0x0,0x0,0x0,0x0,0x0,0x0,0x0,0x0,0x0,0x0
0xA4 -,0x267,0x0,0xa4,0x41,0x0,0x3,NoAffinity,0x0,0,0,0,0,0,0,0,0,0,NoRank,NoRank,NoRank,NoRank,NoRank,NoRank,NoRank,NoRank,0,0,0,0,0,0,0,0x0,0x0,0x0,0x0,0x0,0x0,0x0,0x0,0x0,0x0,0x0
0xA5 -,0x267,0x0,0xa5,0x41,0x0,0x3,NoAffinity,0x0,0,0,0,0,0,0,0,0,0,NoRank,NoRank,NoRank,NoRank,NoRank,NoRank,NoRank,NoRank,0,0,0,0,0,0,0,0x0,0x0,0x0,0x0,0x0,0x0,0x0,0x0,0x0,0x0,0x0
0xA6 -,0x267,0x0,0xa6,0x41,0x0,0x3,NoAffinity,0x0,0,0,0,0,0,0,0,0,0,NoRank,NoRank,NoRank,NoRank,NoRank,NoRank,NoRank,NoRank,0,0,0,0,0,0,0,0x0,0x0,0x0,0x0,0x0,0x0,0x0,0x0,0x0,0x0,0x0
0xA7 Mercenary (Ch 9A),0x253,0x2ab,0xa7,0xf,0x0,0x6,NoAffinity,0x0,1,0,0,0,0,0,0,0,0,NoRank,NoRank,NoRank,NoRank,NoRank,NoRank,NoRank,NoRank,60,20,30,35,15,15,25,0x0,0x0,0x0,0x0,0x0,0x0,0x0,0x0,0x0,0x0,0x0
0xA8 Mercenary (Ch 10A),0x251,0x2af,0xa8,0xf,0x0,0x6,NoAffinity,0x0,1,0,0,0,0,0,0,0,0,NoRank,NoRank,NoRank,NoRank,NoRank,NoRank,NoRank,NoRank,60,20,30,35,15,15,25,0x0,0x0,0x0,0x0,0x0,0x0,0x0,0x0,0x0,0x0,0x0
0xA9 Remnant/Merc (Ch 13A),0x252,0x2b0,0xa9,0xf,0x0,0x6,NoAffinity,0x0,1,0,0,0,0,0,0,0,0,NoRank,NoRank,NoRank,NoRank,NoRank,NoRank,NoRank,NoRank,60,20,30,35,15,15,25,0x0,0x0,0x0,0x0,0x0,0x0,0x0,0x0,0x0,0x0,0x0
0xAA Monster,0x255,0x2b1,0xaa,0x52,0x0,0x4,DarkAffinity,0x0,1,0,0,0,0,0,0,0,0,NoRank,NoRank,NoRank,NoRank,NoRank,NoRank,NoRank,NoRank,60,20,30,35,15,15,25,0x0,0x0,0x0,0x0,0x0,0x0,0x0,0x0,0x0,0x0,0x0
0xAB Monster,0x255,0x2b1,0xab,0x53,0x0,0x4,DarkAffinity,0x0,1,0,0,0,0,0,0,0,0,NoRank,NoRank,NoRank,NoRank,NoRank,NoRank,NoRank,NoRank,60,20,30,35,15,15,25,0x0,0x0,0x0,0x0,0x0,0x0,0x0,0x0,0x0,0x0,0x0
0xAC Monster,0x255,0x2b1,0xac,0x54,0x0,0x4,DarkAffinity,0x0,1,0,0,0,0,0,0,0,0,NoRank,NoRank,NoRank,NoRank,NoRank,NoRank,NoRank,NoRank,60,20,30,35,15,15,25,0x0,0x0,0x0,0x0,0x0,0x0,0x0,0x0,0x0,0x0,0x0
0xAD Monster,0x255,0x2b1,0xad,0x55,0x0,0x4,DarkAffinity,0x0,1,0,0,0,0,0,0,0,0,NoRank,NoRank,NoRank,NoRank,NoRank,NoRank,NoRank,NoRank,60,20,30,35,15,15,25,0x0,0x0,0x0,0x0,0x0,0x0,0x0,0x0,0x0,0x0,0x0
0xAE Monster,0x255,0x2b1,0xae,0x56,0x0,0x4,DarkAffinity,0x0,1,0,0,0,0,0,0,0,0,NoRank,NoRank,NoRank,NoRank,NoRank,NoRank,NoRank,NoRank,60,20,30,35,15,15,25,0x0,0x0,0x0,0x0,0x0,0x0,0x0,0x0,0x0,0x0,0x0
0xAF Monster,0x255,0x2b1,0xaf,0x57,0x0,0x4,DarkAffinity,0x0,1,0,0,0,0,0,0,0,0,NoRank,NoRank,NoRank,NoRank,NoRank,NoRank,NoRank,NoRank,60,20,30,35,15,15,25,0x0,0x0,0x0,0x0,0x0,0x0,0x0,0x0,0x0,0x0,0x0
0xB0 Monster,0x255,0x2b1,0xb0,0x58,0x0,0x4,DarkAffinity,0x0,1,0,0,0,0,0,0,0,0,NoRank,NoRank,NoRank,NoRank,NoRank,NoRank,NoRank,NoRank,60,20,30,35,15,15,25,0x0,0x0,0x0,0x0,0x0,0x0,0x0,0x0,0x0,0x0,0x0
0xB1 Monster,0x255,0x2b1,0xb1,0x59,0x0,0x4,DarkAffinity,0x0,1,0,0,0,0,0,0,0,0,NoRank,NoRank,NoRank,NoRank,NoRank,NoRank,NoRank,NoRank,60,20,30,35,15,15,25,0x0,0x0,0x0,0x0,0x0,0x0,0x0,0x0,0x0,0x0,0x0
0xB2 Monster,0x255,0x2b1,0xb2,0x5a,0x0,0x4,DarkAffinity,0x0,1,0,0,0,0,0,0,0,0,NoRank,NoRank,NoRank,NoRank,NoRank,NoRank,NoRank,NoRank,60,20,30,35,15,15,25,0x0,0x0,0x0,0x0,0x0,0x0,0x0,0x0,0x0,0x0,0x0
0xB3 Monster,0x255,0x2b1,0xb3,0x5b,0x0,0x4,DarkAffinity,0x0,1,0,0,0,0,0,0,0,0,NoRank,NoRank,NoRank,NoRank,NoRank,NoRank,NoRank,NoRank,60,20,30,35,15,15,25,0x0,0x0,0x0,0x0,0x0,0x0,0x0,0x0,0x0,0x0,0x0
0xB4 Monster,0x255,0x2b1,0xb4,0x5c,0x0,0x4,DarkAffinity,0x0,1,0,0,0,0,0,0,0,0,NoRank,NoRank,NoRank,NoRank,NoRank,NoRank,NoRank,NoRank,60,20,30,35,15,15,25,0x0,0x0,0x0,0x0,0x0,0x0,0x0,0x0,0x0,0x0,0x0
0xB5 Monster,0x255,0x2b1,0xb5,0x5d,0x0,0x4,DarkAffinity,0x0,1,0,0,0,0,0,0,0,0,NoRank,NoRank,NoRank,NoRank,NoRank,NoRank,NoRank,NoRank,60,20,30,35,15,15,25,0x0,0x0,0x0,0x0,0x0,0x0,0x0,0x0,0x0,0x0,0x0
0xB6 Monster,0x255,0x2b1,0xb6,0x5e,0x0,0x4,DarkAffinity,0x0,1,0,0,0,0,0,0,0,0,NoRank,NoRank,NoRank,NoRank,NoRank,NoRank,NoRank,NoRank,60,20,30,35,15,15,25,0x0,0x0,0x0,0x0,0x0,0x0,0x0,0x0,0x0,0x0,0x0
0xB7 Monster,0x255,0x2b1,0xb7,0x5f,0x0,0x4,DarkAffinity,0x0,1,0,0,0,0,0,0,0,0,NoRank,NoRank,NoRank,NoRank,NoRank,NoRank,NoRank,NoRank,60,20,30,35,15,15,25,0x0,0x0,0x0,0x0,0x0,0x0,0x0,0x0,0x0,0x0,0x0
0xB8 Monster,0x255,0x2b1,0xb8,0x60,0x0,0x4,DarkAffinity,0x0,1,0,0,0,0,0,0,0,0,NoRank,NoRank,NoRank,NoRank,NoRank,NoRank,NoRank,NoRank,60,20,30,35,15,15,25,0x0,0x0,0x0,0x0,0x0,0x0,0x0,0x0,0x0,0x0,0x0
0xB9 Monster,0x255,0x2b1,0xb9,0x61,0x0,0x4,DarkAffinity,0x0,1,0,0,0,0,0,0,0,0,NoRank,NoRank,NoRank,NoRank,NoRank,NoRank,NoRank,NoRank,60,20,30,35,15,15,25,0x0,0x0,0x0,0x0,0x0,0x0,0x0,0x0,0x0,0x0,0x0
0xBA Monster (Gorgon Egg?),0x256,0x2b1,0xba,0x62,0x0,0x4,DarkAffinity,0x0,1,0,0,0,0,0,0,0,0,NoRank,NoRank,NoRank,NoRank,NoRank,NoRank,NoRank,NoRank,100,0,0,0,0,0,0,0x0,0x0,0x0,0x0,0x0,0x0,0x0,0x0,0x0,0x0,0x0
0xBB Monster,0x255,0x2b1,0xbb,0x63,0x0,0x4,DarkAffinity,0x0,1,0,0,0,0,0,0,0,0,NoRank,NoRank,NoRank,NoRank,NoRank,NoRank,NoRank,NoRank,60,20,30,35,15,15,25,0x0,0x0,0x0,0x0,0x0,0x0,0x0,0x0,0x0,0x0,0x0
0xBC Monster,0x255,0x2b1,0xbc,0x64,0x0,0x4,DarkAffinity,0x0,1,0,0,0,0,0,0,0,0,NoRank,NoRank,NoRank,NoRank,NoRank,NoRank,NoRank,NoRank,60,20,30,35,15,15,25,0x0,0x0,0x0,0x0,0x0,0x0,0x0,0x0,0x0,0x0,0x0
0xBD Monster (Dracozombie?),0x255,0x2b1,0xbd,0x65,0x0,0x1,DarkAffinity,0x0,1,0,0,0,0,0,0,0,0,NoRank,NoRank,NoRank,NoRank,NoRank,NoRank,NoRank,NoRank,60,20,30,35,15,15,25,0x0,0x0,0x0,0x0,0x0,0x0,0x0,0x0,0x0,0x0,0x0
0xBE Demon King,0x25a,0x2b2,0xbe,0x66,0x0,0x4,DarkAffinity,0x0,20,0,0,0,0,0,0,10,0,NoRank,NoRank,NoRank,NoRank,NoRank,NoRank,NoRank,NoRank,60,20,30,35,15,15,25,0x0,0x0,0x0,0x0,0x0,IsBoss,0x0,0x0,0x0,0x0,0x0
0xBF -,0x267,0x0,0xbf,0x41,0x0,0x0,NoAffinity,0x0,1,0,0,0,0,0,0,0,0,NoRank,NoRank,NoRank,NoRank,NoRank,NoRank,NoRank,NoRank,0,0,0,0,0,0,0,0x0,0x0,0x0,0x0,0x0,0x0,0x0,0x0,0x0,0x0,0x0
0xC0 Frelian,0x262,0x2ba,0xc0,0x13,0x0,0x2,NoAffinity,0x0,1,0,0,0,0,0,0,0,0,NoRank,NoRank,NoRank,NoRank,NoRank,NoRank,NoRank,NoRank,85,40,50,45,25,25,20,0x0,0x0,0x0,0x0,0x0,0x0,0x0,0x0,0x0,0x0,0x0
0xC1 Frelian,0x262,0x2ba,0xc1,0x5,0x0,0x2,NoAffinity,0x0,1,0,0,0,0,0,0,0,0,NoRank,NoRank,NoRank,NoRank,NoRank,NoRank,NoRank,NoRank,85,40,50,45,25,25,20,0x0,0x0,0x0,0x0,0x0,0x0,0x0,0x0,0x0,0x0,0x0
0xC2 -,0x267,0x0,0xc2,0x41,0x0,0x0,NoAffinity,0x0,1,0,0,0,0,0,0,0,0,NoRank,NoRank,NoRank,NoRank,NoRank,NoRank,NoRank,NoRank,0,0,0,0,0,0,0,0x0,0x0,0x0,0x0,0x0,0x0,0x0,0x0,0x0,0x0,0x0
0xC3 -,0x267,0x0,0xc3,0x41,0x0,0x0,NoAffinity,0x0,1,0,0,0,0,0,0,0,0,NoRank,NoRank,NoRank,NoRank,NoRank,NoRank,NoRank,NoRank,0,0,0,0,0,0,0,0x0,0x0,0x0,0x0,0x0,0x0,0x0,0x0,0x0,0x0,0x0
0xC4 -,0x267,0x0,0xc4,0x41,0x0,0x0,NoAffinity,0x0,1,0,0,0,0,0,0,0,0,NoRank,NoRank,NoRank,NoRank,NoRank,NoRank,NoRank,NoRank,0,0,0,0,0,0,0,0x0,0x0,0x0,0x0,0x0,0x0,0x0,0x0,0x0,0x0,0x0
0xC5 Fado (Renais),0x25b,0x2b3,0xc5,0x27,0x51,0x0,FireAffinity,0x0,5,13,8,6,8,2,12,10,3,NoRank,NoRank,NoRank,NoRank,NoRank,NoRank,NoRank,NoRank,85,40,50,45,25,25,20,0x0,0x0,0x0,0x0,0x0,0x0,0x0,0x0,0x0,0x0,0x0
0xC6 -,0x267,0x0,0xc6,0x41,0x0,0x0,NoAffinity,0x0,1,0,0,0,0,0,0,0,0,NoRank,NoRank,NoRank,NoRank,NoRank,NoRank,NoRank,NoRank,0,0,0,0,0,0,0,0x0,0x0,0x0,0x0,0x0,0x0,0x0,0x0,0x0,0x0,0x0
0xC7 Hayden (Frelia),0x25c,0x2b4,0xc7,0x73,0x52,0x0,AnimaAffinity,0x0,1,0,0,0,0,0,0,0,1,NoRank,NoRank,NoRank,NoRank,NoRank,NoRank,NoRank,NoRank,85,40,50,45,25,25,20,0x0,0x0,0x0,0x0,0x0,0x0,0x0,0x0,0x0,0x0,0x0
0xC8 Mansel (Rausten),0x25e,0x2b5,0xc8,0x7a,0x53,0x0,LightAffinity,0x0,17,11,11,3,2,5,8,17,0,NoRank,NoRank,NoRank,NoRank,NoRank,NoRank,NoRank,NoRank,85,40,50,45,25,25,20,0x0,0x0,0x0,0x0,0x0,0x0,0x0,0x0,0x0,0x0,0x0
0xC9 Klimt (Carcino),0x25d,0x2b6,0xc9,0x2b,0x54,0x0,AnimaAffinity,0x0,1,0,0,0,0,0,0,0,0,NoRank,NoRank,NoRank,NoRank,NoRank,NoRank,NoRank,NoRank,85,40,50,45,25,25,20,0x0,0x0,0x0,0x0,0x0,0x0,0x0,0x0,0x0,0x0,0x0
0xCA Dara (Caer Pelyn),0x25f,0x2b7,0xca,0x2f,0x55,0x0,DarkAffinity,0x0,1,0,0,0,0,0,0,0,0,NoRank,NoRank,NoRank,NoRank,NoRank,NoRank,NoRank,NoRank,85,40,50,45,25,25,20,0x0,0x0,0x0,0x0,0x0,0x0,0x0,0x0,0x0,0x0,0x0
0xCB Ismaire (Jehanna),0x260,0x2b8,0xcb,0x74,0x56,0x0,WindAffinity,0x0,4,14,10,9,11,4,12,12,0,ARank,NoRank,NoRank,NoRank,NoRank,NoRank,NoRank,NoRank,75,30,60,55,20,25,30,0x0,0x0,0x0,0x0,0x0,IsFemale,0x0,0x0,0x0,0x0,0x0
0xCC Pegasus Messenger,0x261,0x2b9,0xcc,0x48,0x69,0x0,WindAffinity,0x0,1,3,2,2,5,0,2,7,0,NoRank,DRank,NoRank,NoRank,NoRank,NoRank,NoRank,NoRank,85,40,50,45,25,25,20,0x0,0x0,0x0,0x0,0x0,IsFemale,0x0,0x0,0x0,0x0,0x0
0xCD Rausten Knight,0x263,0x2bb,0xcd,0x9,0x0,0x2,NoAffinity,0x0,1,0,0,0,0,0,0,0,0,NoRank,NoRank,NoRank,NoRank,NoRank,NoRank,NoRank,NoRank,85,40,50,45,25,25,20,0x0,0x0,0x0,0x0,0x0,0x0,0x0,0x0,0x0,0x0,0x0
0xCE Rausten Knight,0x263,0x2bb,0xce,0x9,0x0,0x2,NoAffinity,0x0,1,0,0,0,0,0,0,0,0,NoRank,NoRank,NoRank,NoRank,NoRank,NoRank,NoRank,NoRank,85,40,50,45,25,25,20,0x0,0x0,0x0,0x0,0x0,0x0,0x0,0x0,0x0,0x0,0x0
0xCF -,0x267,0x0,0xcf,0x41,0x0,0x0,NoAffinity,0x0,0,0,0,0,0,0,0,0,0,NoRank,NoRank,NoRank,NoRank,NoRank,NoRank,NoRank,NoRank,0,0,0,0,0,0,0,0x0,0x0,0x0,0x0,0x0,0x0,0x0,0x0,0x0,0x0,0x0
0xD0 -,0x267,0x0,0xd0,0x41,0x0,0x0,NoAffinity,0x0,0,0,0,0,0,0,0,0,0,NoRank,NoRank,NoRank,NoRank,NoRank,NoRank,NoRank,NoRank,0,0,0,0,0,0,0,0x0,0x0,0x0,0x0,0x0,0x0,0x0,0x0,0x0,0x0,0x0
0xD1 -,0x267,0x0,0xd1,0x41,0x0,0x0,NoAffinity,0x0,0,0,0,0,0,0,0,0,0,NoRank,NoRank,NoRank,NoRank,NoRank,NoRank,NoRank,NoRank,0,0,0,0,0,0,0,0x0,0x0,0x0,0x0,0x0,0x0,0x0,0x0,0x0,0x0,0x0
0xD2 -,0x267,0x0,0xd2,0x41,0x0,0x0,NoAffinity,0x0,0,0,0,0,0,0,0,0,0,NoRank,NoRank,NoRank,NoRank,NoRank,NoRank,NoRank,NoRank,0,0,0,0,0,0,0,0x0,0x0,0x0,0x0,0x0,0x0,0x0,0x0,0x0,0x0,0x0
0xD3 -,0x267,0x0,0xd3,0x41,0x0,0x0,NoAffinity,0x0,0,0,0,0,0,0,0,0,0,NoRank,NoRank,NoRank,NoRank,NoRank,NoRank,NoRank,NoRank,0,0,0,0,0,0,0,0x0,0x0,0x0,0x0,0x0,0x0,0x0,0x0,0x0,0x0,0x0
0xD4 -,0x267,0x0,0xd4,0x41,0x0,0x0,NoAffinity,0x0,0,0,0,0,0,0,0,0,0,NoRank,NoRank,NoRank,NoRank,NoRank,NoRank,NoRank,NoRank,0,0,0,0,0,0,0,0x0,0x0,0x0,0x0,0x0,0x0,0x0,0x0,0x0,0x0,0x0
0xD5 -,0x267,0x0,0xd5,0x41,0x0,0x0,NoAffinity,0x0,0,0,0,0,0,0,0,0,0,NoRank,NoRank,NoRank,NoRank,NoRank,NoRank,NoRank,NoRank,0,0,0,0,0,0,0,0x0,0x0,0x0,0x0,0x0,0x0,0x0,0x0,0x0,0x0,0x0
0xD6 -,0x267,0x0,0xd6,0x41,0x0,0x0,NoAffinity,0x0,0,0,0,0,0,0,0,0,0,NoRank,NoRank,NoRank,NoRank,NoRank,NoRank,NoRank,NoRank,0,0,0,0,0,0,0,0x0,0x0,0x0,0x0,0x0,0x0,0x0,0x0,0x0,0x0,0x0
0xD7 -,0x267,0x0,0xd7,0x41,0x0,0x0,NoAffinity,0x0,0,0,0,0,0,0,0,0,0,NoRank,NoRank,NoRank,NoRank,NoRank,NoRank,NoRank,NoRank,0,0,0,0,0,0,0,0x0,0x0,0x0,0x0,0x0,0x0,0x0,0x0,0x0,0x0,0x0
0xD8 -,0x267,0x0,0xd8,0x41,0x0,0x0,NoAffinity,0x0,0,0,0,0,0,0,0,0,0,NoRank,NoRank,NoRank,NoRank,NoRank,NoRank,NoRank,NoRank,0,0,0,0,0,0,0,0x0,0x0,0x0,0x0,0x0,0x0,0x0,0x0,0x0,0x0,0x0
0xD9 -,0x267,0x0,0xd9,0x41,0x0,0x0,NoAffinity,0x0,0,0,0,0,0,0,0,0,0,NoRank,NoRank,NoRank,NoRank,NoRank,NoRank,NoRank,NoRank,0,0,0,0,0,0,0,0x0,0x0,0x0,0x0,0x0,0x0,0x0,0x0,0x0,0x0,0x0
0xDA -,0x267,0x0,0xda,0x41,0x0,0x0,NoAffinity,0x0,0,0,0,0,0,0,0,0,0,NoRank,NoRank,NoRank,NoRank,NoRank,NoRank,NoRank,NoRank,0,0,0,0,0,0,0,0x0,0x0,0x0,0x0,0x0,0x0,0x0,0x0,0x0,0x0,0x0
0xDB -,0x267,0x0,0xdb,0x41,0x0,0x0,NoAffinity,0x0,0,0,0,0,0,0,0,0,0,NoRank,NoRank,NoRank,NoRank,NoRank,NoRank,NoRank,NoRank,0,0,0,0,0,0,0,0x0,0x0,0x0,0x0,0x0,0x0,0x0,0x0,0x0,0x0,0x0
0xDC -,0x267,0x0,0xdc,0x41,0x0,0x0,NoAffinity,0x0,0,0,0,0,0,0,0,0,0,NoRank,NoRank,NoRank,NoRank,NoRank,NoRank,NoRank,NoRank,0,0,0,0,0,0,0,0x0,0x0,0x0,0x0,0x0,0x0,0x0,0x0,0x0,0x0,0x0
0xDD -,0x267,0x0,0xdd,0x41,0x0,0x0,NoAffinity,0x0,0,0,0,0,0,0,0,0,0,NoRank,NoRank,NoRank,NoRank,NoRank,NoRank,NoRank,NoRank,0,0,0,0,0,0,0,0x0,0x0,0x0,0x0,0x0,0x0,0x0,0x0,0x0,0x0,0x0
0xDE -,0x267,0x0,0xde,0x41,0x0,0x0,NoAffinity,0x0,0,0,0,0,0,0,0,0,0,NoRank,NoRank,NoRank,NoRank,NoRank,NoRank,NoRank,NoRank,0,0,0,0,0,0,0,0x0,0x0,0x0,0x0,0x0,0x0,0x0,0x0,0x0,0x0,0x0
0xDF -,0x267,0x0,0xdf,0x41,0x0,0x0,NoAffinity,0x0,0,0,0,0,0,0,0,0,0,NoRank,NoRank,NoRank,NoRank,NoRank,NoRank,NoRank,NoRank,0,0,0,0,0,0,0,0x0,0x0,0x0,0x0,0x0,0x0,0x0,0x0,0x0,0x0,0x0
0xE0 -,0x267,0x0,0xe0,0x41,0x0,0x0,NoAffinity,0x0,0,0,0,0,0,0,0,0,0,NoRank,NoRank,NoRank,NoRank,NoRank,NoRank,NoRank,NoRank,0,0,0,0,0,0,0,0x0,0x0,0x0,0x0,0x0,0x0,0x0,0x0,0x0,0x0,0x0
0xE1 -,0x267,0x0,0xe1,0x41,0x0,0x0,NoAffinity,0x0,0,0,0,0,0,0,0,0,0,NoRank,NoRank,NoRank,NoRank,NoRank,NoRank,NoRank,NoRank,0,0,0,0,0,0,0,0x0,0x0,0x0,0x0,0x0,0x0,0x0,0x0,0x0,0x0,0x0
0xE2 -,0x267,0x0,0xe2,0x41,0x0,0x0,NoAffinity,0x0,0,0,0,0,0,0,0,0,0,NoRank,NoRank,NoRank,NoRank,NoRank,NoRank,NoRank,NoRank,0,0,0,0,0,0,0,0x0,0x0,0x0,0x0,0x0,0x0,0x0,0x0,0x0,0x0,0x0
0xE3 -,0x267,0x0,0xe3,0x41,0x0,0x0,NoAffinity,0x0,0,0,0,0,0,0,0,0,0,NoRank,NoRank,NoRank,NoRank,NoRank,NoRank,NoRank,NoRank,0,0,0,0,0,0,0,0x0,0x0,0x0,0x0,0x0,0x0,0x0,0x0,0x0,0x0,0x0
0xE4 -,0x267,0x0,0xe4,0x41,0x0,0x0,NoAffinity,0x0,0,0,0,0,0,0,0,0,0,NoRank,NoRank,NoRank,NoRank,NoRank,NoRank,NoRank,NoRank,0,0,0,0,0,0,0,0x0,0x0,0x0,0x0,0x0,0x0,0x0,0x0,0x0,0x0,0x0
0xE5 -,0x267,0x0,0xe5,0x41,0x0,0x0,NoAffinity,0x0,0,0,0,0,0,0,0,0,0,NoRank,NoRank,NoRank,NoRank,NoRank,NoRank,NoRank,NoRank,0,0,0,0,0,0,0,0x0,0x0,0x0,0x0,0x0,0x0,0x0,0x0,0x0,0x0,0x0
0xE6 -,0x267,0x0,0xe6,0x41,0x0,0x0,NoAffinity,0x0,0,0,0,0,0,0,0,0,0,NoRank,NoRank,NoRank,NoRank,NoRank,NoRank,NoRank,NoRank,0,0,0,0,0,0,0,0x0,0x0,0x0,0x0,0x0,0x0,0x0,0x0,0x0,0x0,0x0
0xE7 -,0x267,0x0,0xe7,0x41,0x0,0x0,NoAffinity,0x0,0,0,0,0,0,0,0,0,0,NoRank,NoRank,NoRank,NoRank,NoRank,NoRank,NoRank,NoRank,0,0,0,0,0,0,0,0x0,0x0,0x0,0x0,0x0,0x0,0x0,0x0,0x0,0x0,0x0
0xE8 -,0x267,0x0,0xe8,0x41,0x0,0x0,NoAffinity,0x0,0,0,0,0,0,0,0,0,0,NoRank,NoRank,NoRank,NoRank,NoRank,NoRank,NoRank,NoRank,0,0,0,0,0,0,0,0x0,0x0,0x0,0x0,0x0,0x0,0x0,0x0,0x0,0x0,0x0
0xE9 -,0x267,0x0,0xe9,0x41,0x0,0x0,NoAffinity,0x0,0,0,0,0,0,0,0,0,0,NoRank,NoRank,NoRank,NoRank,NoRank,NoRank,NoRank,NoRank,0,0,0,0,0,0,0,0x0,0x0,0x0,0x0,0x0,0x0,0x0,0x0,0x0,0x0,0x0
0xEA -,0x267,0x0,0xea,0x41,0x0,0x0,NoAffinity,0x0,0,0,0,0,0,0,0,0,0,NoRank,NoRank,NoRank,NoRank,NoRank,NoRank,NoRank,NoRank,0,0,0,0,0,0,0,0x0,0x0,0x0,0x0,0x0,0x0,0x0,0x0,0x0,0x0,0x0
0xEB -,0x267,0x0,0xeb,0x41,0x0,0x0,NoAffinity,0x0,0,0,0,0,0,0,0,0,0,NoRank,NoRank,NoRank,NoRank,NoRank,NoRank,NoRank,NoRank,0,0,0,0,0,0,0,0x0,0x0,0x0,0x0,0x0,0x0,0x0,0x0,0x0,0x0,0x0
0xEC -,0x267,0x0,0xec,0x41,0x0,0x0,NoAffinity,0x0,0,0,0,0,0,0,0,0,0,NoRank,NoRank,NoRank,NoRank,NoRank,NoRank,NoRank,NoRank,0,0,0,0,0,0,0,0x0,0x0,0x0,0x0,0x0,0x0,0x0,0x0,0x0,0x0,0x0
0xED -,0x267,0x0,0xed,0x41,0x0,0x0,NoAffinity,0x0,0,0,0,0,0,0,0,0,0,NoRank,NoRank,NoRank,NoRank,NoRank,NoRank,NoRank,NoRank,0,0,0,0,0,0,0,0x0,0x0,0x0,0x0,0x0,0x0,0x0,0x0,0x0,0x0,0x0
0xEE -,0x267,0x0,0xee,0x41,0x0,0x0,NoAffinity,0x0,0,0,0,0,0,0,0,0,0,NoRank,NoRank,NoRank,NoRank,NoRank,NoRank,NoRank,NoRank,0,0,0,0,0,0,0,0x0,0x0,0x0,0x0,0x0,0x0,0x0,0x0,0x0,0x0,0x0
0xEF -,0x267,0x0,0xef,0x41,0x0,0x0,NoAffinity,0x0,0,0,0,0,0,0,0,0,0,NoRank,NoRank,NoRank,NoRank,NoRank,NoRank,NoRank,NoRank,0,0,0,0,0,0,0,0x0,0x0,0x0,0x0,0x0,0x0,0x0,0x0,0x0,0x0,0x0
0xF0 -,0x267,0x0,0xf0,0x41,0x0,0x0,NoAffinity,0x0,0,0,0,0,0,0,0,0,0,NoRank,NoRank,NoRank,NoRank,NoRank,NoRank,NoRank,NoRank,0,0,0,0,0,0,0,0x0,0x0,0x0,0x0,0x0,0x0,0x0,0x0,0x0,0x0,0x0
0xF1 -,0x267,0x0,0xf1,0x41,0x0,0x0,NoAffinity,0x0,0,0,0,0,0,0,0,0,0,NoRank,NoRank,NoRank,NoRank,NoRank,NoRank,NoRank,NoRank,0,0,0,0,0,0,0,0x0,0x0,0x0,0x0,0x0,0x0,0x0,0x0,0x0,0x0,0x0
0xF2 -,0x267,0x0,0xf2,0x41,0x0,0x0,NoAffinity,0x0,0,0,0,0,0,0,0,0,0,NoRank,NoRank,NoRank,NoRank,NoRank,NoRank,NoRank,NoRank,0,0,0,0,0,0,0,0x0,0x0,0x0,0x0,0x0,0x0,0x0,0x0,0x0,0x0,0x0
0xF3 -,0x267,0x0,0xf3,0x41,0x0,0x0,NoAffinity,0x0,0,0,0,0,0,0,0,0,0,NoRank,NoRank,NoRank,NoRank,NoRank,NoRank,NoRank,NoRank,0,0,0,0,0,0,0,0x0,0x0,0x0,0x0,0x0,0x0,0x0,0x0,0x0,0x0,0x0
0xF4 River Folk Child (F),0x266,0x2bd,0xf4,0x6d,0x0,0x5,NoAffinity,0x0,1,0,0,0,0,2,0,0,0,NoRank,NoRank,NoRank,NoRank,NoRank,NoRank,NoRank,NoRank,85,25,60,10,15,15,25,0x0,0x0,0x0,0x0,0x0,0x0,0x0,0x0,0x0,0x0,0x0
0xF5 River Folk (F),0x266,0x2bd,0xf5,0x6e,0x0,0x5,NoAffinity,0x0,1,0,0,0,0,2,0,0,0,NoRank,NoRank,NoRank,NoRank,NoRank,NoRank,NoRank,NoRank,85,25,60,10,15,15,25,0x0,0x0,0x0,0x0,0x0,IsFemale,0x0,0x0,0x0,0x0,0x0
0xF6 River Folk (M),0x266,0x2bd,0xf6,0x6f,0x0,0x5,NoAffinity,0x0,1,0,0,0,0,2,0,0,0,NoRank,NoRank,NoRank,NoRank,NoRank,NoRank,NoRank,NoRank,85,25,60,10,15,15,25,0x0,0x0,0x0,0x0,0x0,0x0,0x0,0x0,0x0,0x0,0x0
0xF7 River Folk (F),0x266,0x2bd,0xf7,0x70,0x0,0x5,NoAffinity,0x0,1,0,0,0,0,2,0,0,0,NoRank,NoRank,NoRank,NoRank,NoRank,NoRank,NoRank,NoRank,85,25,60,10,15,15,25,0x0,0x0,0x0,0x0,0x0,IsFemale,0x0,0x0,0x0,0x0,0x0
0xF8 River Folk Child,0x266,0x2bd,0xf8,0x6d,0x0,0x5,NoAffinity,0x0,1,0,0,0,0,2,0,0,0,NoRank,NoRank,NoRank,NoRank,NoRank,NoRank,NoRank,NoRank,85,25,60,10,15,15,25,0x0,0x0,0x0,0x0,0x0,0x0,0x0,0x0,0x0,0x0,0x0
0xF9 Renais Citizen 1 (Child),0x265,0x2bc,0xf9,0x6e,0x0,0x5,NoAffinity,0x0,1,0,0,0,0,2,0,0,0,NoRank,NoRank,NoRank,NoRank,NoRank,NoRank,NoRank,NoRank,85,25,60,10,15,15,25,0x0,0x0,0x0,0x0,0x0,IsFemale,0x0,0x0,0x0,0x0,0x0
0xFA Renais Citizen 2,0x265,0x2bc,0xfa,0x71,0x0,0x5,NoAffinity,0x0,1,0,0,0,0,2,0,0,0,NoRank,NoRank,NoRank,NoRank,NoRank,NoRank,NoRank,NoRank,85,25,60,10,15,15,25,0x0,0x0,0x0,0x0,0x0,0x0,0x0,0x0,0x0,0x0,0x0
0xFB Renais Citizen 3,0x265,0x2bc,0xfb,0x72,0x0,0x5,NoAffinity,0x0,1,0,0,0,0,2,0,0,0,NoRank,NoRank,NoRank,NoRank,NoRank,NoRank,NoRank,NoRank,85,25,60,10,15,15,25,0x0,0x0,0x0,0x0,0x0,IsFemale,0x0,0x0,0x0,0x0,0x0
0xFC Old 'Citizen',0x264,0x0,0xfc,0x71,0x0,0x5,NoAffinity,0x0,1,0,0,0,0,2,0,0,0,NoRank,NoRank,NoRank,NoRank,NoRank,NoRank,NoRank,NoRank,85,25,60,10,15,15,25,0x0,0x0,0x0,0x0,0x0,0x0,0x0,0x3,0x0,0x0,0x0
0xFD Enemy (Arena),0x267,0x0,0xfd,0x41,0x0,0x0,NoAffinity,0x0,0,0,0,0,0,0,0,0,0,NoRank,NoRank,NoRank,NoRank,NoRank,NoRank,NoRank,NoRank,0,0,0,0,0,0,0,0x0,0x0,0x0,0x0,0x0,0x0,0x0,0x0,0x0,0x0,0x0
0xFE Wall,0x268,0x0,0xfe,0x41,0x0,0x0,NoAffinity,0x0,0,0,0,0,0,0,0,0,0,NoRank,NoRank,NoRank,NoRank,NoRank,NoRank,NoRank,NoRank,0,0,0,0,0,0,0,0x0,0x0,0x0,0x0,0x0,0x0,0x0,0x0,0x0,0x0,0x0
0xFF Snag,0x269,0x0,0xff,0x41,0x0,0x0,NoAffinity,0x0,0,0,0,0,0,0,0,0,0,NoRank,NoRank,NoRank,NoRank,NoRank,NoRank,NoRank,NoRank,0,0,0,0,0,0,0,0x0,0x0,0x0,0x0,0x0,0x0,0x0,0x0,0x0,0x0,0x0
