INLINE gCharacterDataFE4_Bosses,Name,Description,ID,Support Class,Portrait,Map Portrait,Affinity,Unit Sort Order,Lv,HP,Atk,Skl,Spd,Def,Res,Luck,Con,Sword,Lance,Axe,Bow,Staff,Anima,Light,Dark,HP Growth,Atk Growth,Skl Growth,Spd Growth,Def Growth,Res Growth,Luck Growth,N/A,N/A,N/A,N/A,N/A,CharClassAbility,Support Data Ptr,N/A (Conversation Group),N/A,N/A,N/A
Dimaggio,DimaggioName,DimaggioDesc,0x01,Fighter,DimaggioMug,0x00,NoAffinity,0x01,10,10,3,3,3,3,1,0,0,NoRank,0x00,0x00,0x00,0x00,0x00,0x00,0x00,100,30,30,30,30,10,0,0x0,0x0,0x0,0x0,0x0,0x0,0x88aebac,0x7,0x0,0x0,0x0
Gerrard,GerrardName,GerrardDesc,0x02,Fighter,GerrardMug,0x00,NoAffinity,0x0F,20,20,6,6,6,6,2,0,0,NoRank,0x00,0x00,0x00,0x00,0x00,0x00,0x00,100,30,30,30,30,10,0,0x0,0x0,0x0,0x0,0x0,0x0,0x88aebdc,0x3,0x0,0x0,0x0
Cimbaeth,CimbaethName,CimbaethDesc,0x03,Warrior,CimbaethMug,0x00,NoAffinity,0x2E,1,10,3,3,3,3,1,0,0,NoRank,0x00,ARank,0x00,0x00,0x00,0x00,0x00,100,30,30,30,30,10,0,0x0,0x0,0x0,0x0,0x0,0x0,0x88aec0c,0x4,0x0,0x0,0x0
Munnir,MunnirName,MunnirDesc,0x04,Warrior,MunnirMug,0x00,NoAffinity,0x1D,10,20,6,6,6,6,2,0,0,NoRank,0x00,0x00,0x00,0x00,0x00,0x00,0x00,100,30,30,30,30,10,0,0x0,0x0,0x0,0x0,0x0,0x0,0x88aebf4,0x3,0x0,0x0,0x0
Sandima,SandimaName,SandimaDesc,0x05,DarkMage,SandimaMug,0x00,NoAffinity,0x13,10,10,3,3,3,1,3,0,0,NoRank,0x00,0x00,0x00,0x00,0x00,0x00,ARank,100,30,30,30,10,30,0,0x0,0x0,0x0,0x0,0x0,0x0,0x88aec24,0x4,0x0,0x0,0x0
Elliot,ElliotName,ElliotDesc,0x06,DukeKnight,ElliotMug,0x00,NoAffinity,0x34,5,15,4,4,4,4,1,0,0,NoRank,ARank,0x00,0x00,0x00,0x00,0x00,0x00,100,30,30,30,30,10,0,0x0,0x0,0x0,0x0,0x0,0x0,0x88aec3c,0xa,0x0,0x0,0x0
Philip,PhilipName,PhilipDesc,0x07,General,PhilipMug,0x00,NoAffinity,0x19,8,18,5,5,5,5,1,0,0,0x00,ARank,0x00,1,0x00,0x00,0x00,0x00,100,30,30,30,30,10,0,0x0,0x0,0x0,0x0,0x0,0x0,0x88aec6c,0x5,0x0,0x0,0x0
Boldor,BoldorName,BoldorDesc,0x08,General,BoldorMug,0x00,NoAffinity,0x06,4,14,4,4,4,4,1,0,0,CRank,0x00,0x00,DRank,0x00,0x00,0x00,0x00,100,30,30,30,30,10,0,0x0,0x0,0x0,0x0,0x0,0x0,0x88aec9c,0x7,0x0,0x0,0x0
Macbeth,MacbethName,MacbethDesc,0x09,General,MacbethMug,0x00,NoAffinity,0x1B,12,22,6,6,6,6,2,0,0,0x00,0x00,0x00,1,0x00,0x00,0x00,0x00,100,30,30,30,30,10,0,0x0,0x0,0x0,0x0,0x0,0x0,0x88aec84,0x0,0x0,0x0,0x0
Voltz,VoltzName,VoltzDesc,0x0A,ForrestKnight,VoltzMug,0x00,NoAffinity,0x31,10,20,6,6,6,6,2,0,0,CRank,0x00,0x00,NoRank,0x00,0x00,0x00,0x00,100,30,30,30,30,10,0,0x0,0x0,0x0,0x0,0x0,0x0,0x88aec54,0x1,0x0,0x0,0x0
Clement,ClementName,ClementDesc,0x0B,Bishop,ClementMug,0x00,NoAffinity,0x05,8,18,5,5,5,1,5,0,0,0x00,0x00,0x00,0x00,BRank,DRank,0x00,0x00,100,30,30,30,10,30,0,0x0,0x0,0x0,0x0,0x0,0x0,0x88aed5c,0x0,0x0,0x0,0x0
Zyne,ZyneName,ZyneDesc,0x0C,DukeKnight,ZyneMug,0x00,NoAffinity,0x12,11,21,6,6,6,6,2,0,0,0x00,0x00,0x00,0x00,0x00,0x00,0x00,0x00,100,30,30,30,30,10,0,0x0,0x0,0x0,0x0,0x0,0x0,0x88aeccc,0x7,0x0,0x0,0x0
Chagall,ChagallName,ChagallDesc,0x0D,Baron,ChagallMug,0x00,NoAffinity,0x20,1,10,3,3,3,3,1,0,0,ARank,0x00,0x00,0x00,BRank,ARank,0x00,0x00,100,30,30,30,30,10,0,0x0,0x0,0x0,0x0,0x0,0x0,0x88aece4,0xa,0x0,0x0,0x0
Jacobi,JacobiName,JacobiDesc,0x0E,Hero,JacobiMug,0x00,NoAffinity,0x11,10,20,6,6,6,6,2,0,0,0x00,0x00,0x00,0x00,NoRank,0x00,NoRank,0x00,100,30,30,30,30,10,0,0x0,0x0,0x0,0x0,0x0,0x0,0x88aee1c,0x0,0x0,0x0,0x0
Eldigan,EldiganName,EldiganDesc,0x0F,Paladin,EldiganMug,0x00,NoAffinity,0x08,13,25,13,9,11,15,15,7,0,SRank,0x00,0x00,NoRank,0x00,0x00,0x00,0x00,100,115,50,45,60,30,45,0x0,0x0,0x0,0x0,0x0,0x0,0x88aebc4,0x3,0x0,0x0,0x0
Papilio,PapilioName,PapilioDesc,0x10,DragonKnight,PapilioMug,0x00,NoAffinity,0x35,10,20,6,6,6,6,2,0,0,DRank,0x00,0x00,0x00,0x00,0x00,0x00,0x00,100,30,30,30,30,10,0,0x0,0x0,0x0,0x0,0x0,0x0,0x88aed2c,0x3,0x0,0x0,0x0
Pizarl,PizarlName,PizarlDesc,0x11,Warrior,PizarlMug,0x00,NoAffinity,0x0D,10,20,6,6,6,6,2,0,0,NoRank,0x00,ARank,0x00,NoRank,0x00,0x00,0x00,100,30,30,30,30,10,0,0x0,0x0,0x0,0x0,0x0,0x0,0x88aed14,0x3,0x0,0x0,0x0
Dobarl,DobarlName,DobarlDesc,0x12,Warrior,DobarlMug,0x00,NoAffinity,0x36,10,20,6,6,6,6,2,0,0,0x00,0x00,0x00,0x00,0x00,NoRank,0x00,0x00,100,30,30,30,30,10,0,0x0,0x0,0x0,0x0,0x0,0x0,0x88aee34,0x7,0x0,0x0,0x0
Cuvuli,CuvuliName,CuvuliDesc,0x13,Bishop,CuvuliMug,0x00,NoAffinity,0x1C,12,22,6,6,6,2,6,0,0,NoRank,0x00,0x00,0x00,BRank,0x00,0x00,0x00,100,30,30,30,10,30,0,0x0,0x0,0x0,0x0,0x0,0x0,0x88aecb4,0x0,0x0,0x0,0x0
Dithorba,DithorbaName,DithorbaDesc,0x14,FalcoKnight,DithorbaMug,0x00,NoAffinity,0x10,11,21,6,6,6,6,2,0,0,ARank,0x00,0x00,0x00,1,0x00,0x00,0x00,55,65,30,65,40,55,0,0x0,0x0,0x0,0x0,0x0,IsFemale,0x88aed74,0x4,0x0,0x0,0x0
Myos,MyosName,MyosDesc,0x15,Baron,MyosMug,0x00,NoAffinity,0x09,12,22,6,6,6,6,2,3,0,NoRank,0x00,0x00,0x00,0x00,ARank,0x00,0x00,100,30,30,30,30,10,0,0x0,0x0,0x0,0x0,0x0,0x0,0x88aed8c,0x7,0x0,0x0,0x0
Pamela,PamelaName,PamelaDesc,0x16,FalcoKnight,PamelaMug,0x00,NoAffinity,0x1A,13,23,6,6,6,6,2,0,0,0x00,ARank,0x00,NoRank,1,0x00,0x00,0x00,100,30,30,30,30,10,0,0x0,0x0,0x0,0x0,0x0,IsFemale,0x88aeda4,0xc,0x0,0x0,0x0
Donovan,DonovanName,DonovanDesc,0x17,General,DonovanMug,0x00,NoAffinity,0x2D,10,20,6,6,6,6,2,0,0,DRank,0x00,0x00,DRank,NoRank,0x00,0x00,0x00,100,30,30,30,30,10,0,0x0,0x0,0x0,0x0,0x0,0x0,0x88aedbc,0x6,0x0,0x0,0x0
Lamia,LamiaName,LamiaDesc,0x18,Swordmaster_F,LamiaMug,0x00,NoAffinity,0x03,15,25,7,7,7,7,2,0,0,ARank,0x00,0x00,0x00,0x00,0x00,0x00,0x00,100,30,30,30,30,10,0,0x0,0x0,0x0,0x0,0x0,IsFemale,0x88aedd4,0x5,0x0,0x0,0x0
Daccar,DaccarName,DaccarDesc,0x19,Baron,DaccarMug,0x00,NoAffinity,0x04,16,26,7,7,7,7,2,0,0,0x00,0x00,0x00,0x00,0x00,ARank,0x00,0x00,100,30,30,30,30,10,0,0x0,0x0,0x0,0x0,0x0,0x0,0x88aedec,0xb,0x0,0x0,0x0
Slayder,SlayderName,SlayderDesc,0x1A,GreatKnight,SlayderMug,0x00,NoAffinity,0x29,10,20,6,6,6,6,2,0,0,0x00,0x00,ARank,0x00,0x00,0x00,0x00,0x00,100,30,30,30,30,10,0,0x0,0x0,0x0,0x0,0x0,0x0,0x88aee04,0x4,0x0,0x0,0x0
Andrey,AndreyName,AndreyDesc,0x1B,Ranger,AndreyMug,0x00,NoAffinity,0x2C,12,20,6,6,6,6,2,0,0,0x00,0x00,0x00,BRank,0x00,0x00,0x00,0x00,120,30,30,30,30,10,30,0x0,0x0,0x0,0x0,0x0,0x0,0x0,0x0,0x0,0x0,0x0
Lombard,LombardName,LombardDesc,0x1C,Baron,LombardMug,0x00,NoAffinity,0x02,20,30,9,9,9,9,3,0,0,0x00,0x00,SRank,0x00,0x00,0x00,0x00,0x00,140,30,30,30,90,10,0,0x0,0x0,0x0,0x0,0x0,0x0,0x88aee4c,0x0,0x0,0x0,0x0
Magorn,MagornName,MagornDesc,0x1D,WyvernLord,MagornMug,0x00,NoAffinity,0x17,15,30,7,7,7,7,2,0,0,0x00,BRank,0x00,0x00,0x00,0x00,0x00,0x00,100,30,30,30,30,10,0,0x0,0x0,0x0,0x0,0x0,0x0,0x88aee64,0x4,0x0,0x0,0x0
Vaja,VajaName,VajaDesc,0x1E,GaidenPriestess,VajaMug,0x00,NoAffinity,0x0A,11,21,4,6,6,6,4,0,0,CRank,0x00,0x00,NoRank,0x00,CRank,0x00,0x00,100,20,30,30,30,20,0,0x0,0x0,0x0,0x0,0x0,IsFemale,0x88aee7c,0xc,0x0,0x0,0x0
Reptor,ReptorName,ReptorDesc,0x1F,Baron,ReptorMug,0x00,NoAffinity,0x0B,20,30,23,9,9,9,3,0,0,0x00,0x00,0x00,0x00,NoRank,SRank,NoRank,0x00,140,30,90,30,30,10,0,0x0,0x0,0x0,0x0,0x0,0x0,0x88aee94,0x3,0x0,0x0,0x0
Harold,HaroldName,HaroldDesc,0x20,General,HaroldMug,0x00,NoAffinity,0x25,1,10,3,3,3,3,1,0,0,NoRank,0x00,DRank,DRank,0x00,0x00,0x00,0x00,100,30,30,30,30,10,0,0x0,0x0,0x0,0x0,0x0,0x0,0x88aecfc,0x3,0x0,0x0,0x0
Schmidt,SchmidtName,SchmidtDesc,0x21,GreatKnight,SchmidtMug,0x00,NoAffinity,0x0E,10,20,6,6,6,6,2,0,0,NoRank,0x00,BRank,0x00,0x00,0x00,0x00,0x00,100,30,30,30,30,10,0,0x0,0x0,0x0,0x0,0x0,0x0,0x88aeeac,0xa,0x0,0x0,0x0
Danann,DanannName,DanannDesc,0x22,Baron,DanannMug,0x00,NoAffinity,0x18,15,25,9,7,6,8,3,0,0,NoRank,0x00,SRank,0x00,0x00,0x00,0x00,0x00,140,30,30,30,90,10,0,0x0,0x0,0x0,0x0,0x0,0x0,0x88aed44,0xa,0x0,0x0,0x0
Kutuzov,KutuzovName,KutuzovDesc,0x23,Druid,KutuzovMug,0x00,NoAffinity,0x2F,10,20,6,6,6,2,6,0,0,NoRank,0x00,0x00,0x00,0x00,0x00,0x00,ARank,100,30,30,30,10,30,0,0x0,0x0,0x0,0x0,0x0,0x0,0x0,0x0,0x0,0x0,0x0
Liza,LizaName,LizaDesc,0x24,Mage_F,LizaMug,0x00,NoAffinity,0x32,20,20,6,6,6,2,6,0,0,NoRank,0x00,0x00,0x00,0x00,BRank,0x00,0x00,100,30,30,30,10,30,0,0x0,0x0,0x0,0x0,0x0,IsFemale,0x0,0x0,0x0,0x0,0x0
Ishtore,IshtoreName,IshtoreDesc,0x25,RedMage2,IshtoreMug,0x00,NoAffinity,0x26,10,20,7,8,8,7,7,9,0,NoRank,0x00,0x00,0x00,0x00,ARank,0x00,0x00,120,20,60,30,30,20,0,0x0,0x0,0x0,0x0,0x0,0x0,0x0,0x0,0x0,0x0,0x0
Javarro,JavarroName,JavarroDesc,0x26,ForrestKnight,JavarroMug,0x00,NoAffinity,0x22,10,20,6,6,6,6,2,0,0,ARank,0x00,0x00,0x00,0x00,0x00,0x00,0x00,100,30,30,30,30,10,0,0x0,0x0,0x0,0x0,0x0,0x0,0x0,0x0,0x0,0x0,0x0
Bramsel,BramselName,BramselDesc,0x27,General,BramselMug,0x00,NoAffinity,0x33,6,16,4,4,4,4,1,0,0,NoRank,0x00,0x00,0x00,0x00,0x00,0x00,0x00,100,30,30,30,30,10,0,0x0,0x0,0x0,0x0,0x0,0x0,0x0,0x0,0x0,0x0,0x0
Vampa,VampaName,VampaDesc,0x28,Mage_F,VampaMug,0x00,NoAffinity,0x21,20,26,6,10,10,10,10,7,0,0x00,0x00,0x00,0x00,0x00,BRank,0x00,0x00,100,30,30,30,10,30,0,0x0,0x0,0x0,0x0,0x0,IsFemale,0x0,0x0,0x0,0x0,0x0
Fetra,FetraName,FetraDesc,0x29,Mage_F,FetraMug,0x00,NoAffinity,0x0C,20,26,6,10,10,10,10,7,0,0x00,0x00,0x00,0x00,0x00,BRank,0x00,0x00,100,30,30,30,10,30,0,0x0,0x0,0x0,0x0,0x0,IsFemale,0x0,0x0,0x0,0x0,0x0
Eliu,EliuName,EliuDesc,0x2A,Mage_F,EliuMug,0x00,NoAffinity,0x30,20,26,6,10,10,10,10,7,0,0x00,0x00,0x00,ARank,0x00,BRank,0x00,0x00,100,30,30,30,10,30,0,0x0,0x0,0x0,0x0,0x0,IsFemale,0x0,0x0,0x0,0x0,0x0
Bloom,BloomName,BloomDesc,0x2B,Baron,BloomMug,0x00,NoAffinity,0x38,15,20,9,6,7,9,9,4,0,ARank,0x00,0x00,0x00,0x00,SRank,NoRank,0x00,140,30,90,30,30,10,0,0x0,0x0,0x0,0x0,0x0,0x0,0x0,0x0,0x0,0x0,0x0
Muhammad,MuhammadName,MuhammadDesc,0x2C,General,MuhammadMug,0x00,NoAffinity,0x23,15,25,7,7,7,7,2,0,0,NoRank,BRank,0x00,BRank,0x00,0x00,0x00,0x00,100,30,30,30,30,10,0,0x0,0x0,0x0,0x0,0x0,0x0,0x0,0x0,0x0,0x0,0x0
Ovo,OvoName,OvoDesc,0x2D,MageKnight,OvoMug,0x00,NoAffinity,0x27,12,22,6,6,6,4,4,0,0,0x00,0x00,0x00,0x00,NoRank,BRank,0x00,0x00,100,30,30,30,20,20,0,0x0,0x0,0x0,0x0,0x0,0x0,0x0,0x0,0x0,0x0,0x0
Ishtar,IshtarName,IshtarDesc,0x2E,Sage_F,IshtarMug,0x00,NoAffinity,0x2B,12,7,7,12,14,7,7,12,0,NoRank,0x00,0x00,0x00,0x00,SRank,0x00,0x00,80,30,110,35,35,20,45,0x0,0x0,0x0,0x0,0x0,IsFemale,0x0,0x0,0x0,0x0,0x0
Maikov,MaikovName,MaikovDesc,0x2F,General,MaikovMug,0x00,NoAffinity,0x28,14,24,7,7,7,7,2,0,0,NoRank,ARank,0x00,CRank,0x00,0x00,0x00,0x00,100,30,30,30,30,10,0,0x0,0x0,0x0,0x0,0x0,0x0,0x0,0x0,0x0,0x0,0x0
Kanatz,KanatzName,KanatzDesc,0x30,General,KanatzMug,0x00,NoAffinity,0x1F,10,20,6,6,6,6,2,0,0,NoRank,ARank,0x00,0x00,0x00,0x00,0x00,0x00,100,30,30,30,30,10,0,0x0,0x0,0x0,0x0,0x0,0x0,0x0,0x0,0x0,0x0,0x0
Distler,DistlerName,DistlerDesc,0x31,General,DistlerMug,0x00,NoAffinity,0x16,12,22,6,6,6,6,2,0,0,0x00,ARank,0x00,0x00,0x00,0x00,0x00,0x00,100,30,30,30,30,10,0,0x0,0x0,0x0,0x0,0x0,0x0,0x0,0x0,0x0,0x0,0x0
Travant,TravantName,TravantDesc,0x32,WyvernLord,TravantMug,0x00,NoAffinity,0x15,20,25,12,12,11,12,6,6,0,0x00,SRank,0x00,NoRank,0x00,0x00,0x00,0x00,80,40,35,90,45,15,60,0x0,0x0,0x0,0x0,0x0,0x0,0x0,0x0,0x0,0x0,0x0
Musar,MusarName,MusarDesc,0x33,MageKnight,MusarMug,0x00,NoAffinity,0x14,20,25,13,9,13,12,12,7,0,0x00,0x00,0x00,0x00,NoRank,ARank,0x00,0x00,120,30,30,60,20,20,0,0x0,0x0,0x0,0x0,0x0,0x0,0x0,0x0,0x0,0x0,0x0
Judah,JudahName,JudahDesc,0x34,Druid,JudahMug,0x00,NoAffinity,0x24,12,22,6,6,6,2,6,0,0,0x00,0x00,0x00,NoRank,0x00,0x00,0x00,ARank,100,30,30,30,10,30,0,0x0,0x0,0x0,0x0,0x0,0x0,0x0,0x0,0x0,0x0,0x0
Arion,ArionName,ArionDesc,0x35,WyvernLord,ArionMug,0x00,NoAffinity,0x2A,17,30,14,15,14,13,9,12,0,0x00,SRank,0x00,0x00,0x00,0x00,0x00,0x00,95,80,30,115,90,30,0,0x0,0x0,0x0,0x0,0x0,0x0,0x0,0x0,0x0,0x0,0x0
Riddale,RiddaleName,RiddaleDesc,0x36,Paladin,RiddaleMug,0x00,NoAffinity,0x1E,18,25,12,12,13,12,6,15,0,BRank,0x00,0x00,0x00,0x00,0x00,0x00,0x00,100,30,30,30,30,10,0,0x0,0x0,0x0,0x0,0x0,0x0,0x0,0x0,0x0,0x0,0x0
HildaFE4,HildaFE4Name,HildaFE4Desc,0x37,Sage_F,HildaFE4Mug,0x00,NoAffinity,0x07,17,35,15,11,12,9,15,5,0,0x00,0x00,0x00,0x00,ARank,ARank,0x00,0x00,75,100,30,40,45,70,0,0x0,0x0,0x0,0x0,0x0,IsFemale,0x0,0x0,0x0,0x0,0x0
Morrigan,MorriganName,MorriganDesc,0x38,Druid,MorriganMug,0x00,NoAffinity,0x3C,15,25,7,7,7,2,7,0,0,0x00,0x00,0x00,0x00,0x00,0x00,0x00,ARank,100,30,30,30,10,30,0,0x0,0x0,0x0,0x0,0x0,0x0,0x0,0x0,0x0,0x0,0x0
Julius,JuliusName,JuliusDesc,0x39,DarkPrince,JuliusMug,0x00,NoAffinity,0x3E,20,50,15,15,15,15,15,13,0,0x00,0x00,0x00,0x00,0x00,ARank,0x00,SRank,105,105,50,55,40,75,45,0x0,0x0,0x0,0x0,0x0,0x0,0x0,0x0,0x0,0x0,0x0
Zagam,ZagamName,ZagamDesc,0x3A,Druid,ZagamMug,0x00,NoAffinity,0x00,17,27,8,8,8,2,8,0,0,0x00,0x00,0x00,0x00,ARank,0x00,0x00,CRank,100,30,30,30,10,30,0,0x0,0x0,0x0,0x0,0x0,0x0,0x0,0x0,0x0,0x0,0x0
0x3B Lyon's Summon,0x2f1,0x33d,0x3b,0x7,0x0,0x7,DarkAffinity,0x25,1,0,3,2,3,0,0,20,0,NoRank,NoRank,CRank,NoRank,NoRank,NoRank,NoRank,NoRank,0,60,45,30,0,0,60,0x0,0x0,0x0,0x0,0x0,0x0,0x0,0x0,0x0,0x0,0x0
0x3C <Summon>,0x26d,0x32e,0x3c,0x31,0x0,0x0,NoAffinity,0x0,18,0,0,0,0,0,0,0,0,NoRank,NoRank,NoRank,NoRank,ERank,NoRank,NoRank,CRank,50,30,35,32,8,40,45,0x0,0x0,0x0,0x0,0x0,0x0,0x0,0x0,0x0,0x0,0x0
0x3D <'Summonern'>,0x26c,0x32e,0x3d,0x31,0x0,0x0,NoAffinity,0x0,9,0,0,0,0,0,0,0,0,NoRank,NoRank,NoRank,NoRank,ERank,NoRank,NoRank,CRank,50,30,35,32,8,40,45,0x0,0x0,0x0,0x0,0x0,0x0,0x0,0x0,0x0,0x0,0x0
0x3E Knoll's Summon,0x2f1,0x33d,0x3e,0x7,0x0,0x7,DarkAffinity,0x21,1,0,2,1,2,0,0,10,0,NoRank,NoRank,CRank,NoRank,NoRank,NoRank,NoRank,NoRank,0,50,50,40,0,0,55,0x0,0x0,0x0,0x0,0x0,0x0,0x0,0x0,0x0,0x0,0x0
0x3F Ewan's Summon,0x2f1,0x33d,0x3f,0x7,0x0,0x7,DarkAffinity,0x1a,1,0,1,2,1,0,0,0,0,NoRank,NoRank,CRank,NoRank,NoRank,NoRank,NoRank,NoRank,0,70,40,20,0,0,40,0x0,0x0,0x0,0x0,0x0,0x0,0x0,0x0,0x0,0x0,0x0
0x40 Lyon (Ch 17),LyonName,LyonDesc,0x40,Necromancer,Lyon2Mug,0x0,IceAffinity,0x0,14,26,13,9,6,14,11,4,0,NoRank,NoRank,NoRank,NoRank,ARank,NoRank,NoRank,SRank,85,50,55,55,45,55,30,0x0,0x0,0x0,0x0,0x0,IsBoss,0x0,0x0,0x0,0x0,0x0
0x41 Morva (Ch 20),MorvaName,MorvaDesc,0x41,Manakete_2,0x0,0x1,WindAffinity,0x0,18,42,16,10,11,3,7,7,0,NoRank,NoRank,NoRank,NoRank,NoRank,NoRank,NoRank,NoRank,150,100,90,70,160,80,30,0x0,0x0,0x0,0x0,0x0,IsBoss,0x0,0x0,0x0,0x0,0x0
0x42 Orson (Ch 5x),OrsonName,OrsonDesc,0x42,Paladin,Orson2Mug,0x0,DarkAffinity,0x0,3,11,8,9,4,5,4,4,1,ARank,ARank,NoRank,NoRank,NoRank,NoRank,NoRank,NoRank,80,55,45,40,45,30,25,0x0,0x0,0x0,0x0,0x0,IsBoss,0x0,0x0,0x0,0x0,0x0
0x43 Valter (Ch 15),ValterName,ValterDesc,0x43,WyvernKnight,Valter2Mug,0x0,IceAffinity,0x0,13,25,12,10,9,6,11,3,1,NoRank,SRank,NoRank,NoRank,NoRank,NoRank,NoRank,NoRank,80,40,55,50,20,20,15,0x0,0x0,0x0,0x0,0x0,IsBoss,0x0,0x0,0x0,0x0,0x0
0x44 Selena (Ch 10B & 13B),SelenaName,SelenaDesc,0x44,MageKnight_F,Selena2Mug,0x0,ThunderAffinity,0x0,11,19,10,8,10,8,11,10,0,NoRank,NoRank,NoRank,NoRank,BRank,ARank,NoRank,NoRank,85,40,55,40,20,30,25,0x0,0x0,0x0,0x0,0x0,IsBoss|IsFemale,0x0,0x0,0x0,0x0,0x0
0x45 Valter (Prologue),0x237,0x292,0x45,0x23,0x42,0x0,IceAffinity,0x0,5,14,6,7,6,3,5,2,1,NoRank,ARank,NoRank,NoRank,NoRank,NoRank,NoRank,NoRank,85,50,10,10,10,15,30,0x0,0x0,0x0,0x0,0x0,IsBoss,0x0,0x0,0x0,0x0,0x0
0x46 Breguet (Ch 1),0x239,0x294,0x46,0x9,0x31,0x0,ThunderAffinity,0x0,4,3,3,0,1,0,0,2,0,NoRank,CRank,NoRank,NoRank,NoRank,NoRank,NoRank,NoRank,85,50,10,10,10,15,30,0x0,0x0,0x0,0x0,0x0,IsBoss,0x0,0x0,0x0,0x0,0x0
0x47 Bone (Ch 2),0x23a,0x295,0x47,0x41,0x32,0x0,IceAffinity,0x0,4,3,1,3,0,1,0,0,0,NoRank,NoRank,DRank,NoRank,NoRank,NoRank,NoRank,NoRank,85,50,10,10,10,15,30,0x0,0x0,0x0,0x0,0x0,IsBoss,0x0,0x0,0x0,0x0,0x0
0x48 Bazba (Ch 3),0x23b,0x296,0x48,0x41,0x33,0x0,FireAffinity,0x0,6,5,3,4,2,2,2,1,0,NoRank,NoRank,CRank,NoRank,NoRank,NoRank,NoRank,NoRank,85,50,10,10,10,15,30,0x0,0x0,0x0,0x0,0x0,IsBoss,0x0,0x0,0x0,0x0,0x0
0x49 Entombed (Ch 4),0x255,0x2b1,0x49,0x53,0x0,0x4,DarkAffinity,0x0,6,0,0,0,0,0,0,0,0,NoRank,NoRank,NoRank,NoRank,NoRank,NoRank,NoRank,NoRank,85,50,10,10,10,15,30,0x0,0x0,0x0,0x0,0x0,IsBoss,0x0,0x0,0x0,0x0,0x0
0x4A Saar (Ch 5),0x23c,0x297,0x4a,0x9,0x34,0x0,AnimaAffinity,0x0,8,13,6,5,3,2,3,4,0,NoRank,CRank,NoRank,NoRank,NoRank,NoRank,NoRank,NoRank,85,50,10,10,10,15,30,0x0,0x0,0x0,0x0,0x0,IsBoss,0x0,0x0,0x0,0x0,0x0
0x4B Novala (Ch 6),0x23d,0x298,0x4b,0x2d,0x36,0x0,FireAffinity,0x0,10,12,8,7,4,3,5,7,0,NoRank,NoRank,NoRank,NoRank,NoRank,NoRank,NoRank,CRank,85,50,10,10,10,15,30,0x0,0x0,0x0,0x0,0x0,IsBoss,0x0,0x0,0x0,0x0,0x0
0x4C Murray (Ch 7),0x23e,0x299,0x4c,0x5,0x37,0x0,LightAffinity,0x0,12,12,3,7,5,1,6,7,0,CRank,BRank,NoRank,NoRank,NoRank,NoRank,NoRank,NoRank,85,50,10,10,10,15,30,0x0,0x0,0x0,0x0,0x0,IsBoss,0x0,0x0,0x0,0x0,0x0
0x4D Tirado (Ch 8),0x23f,0x29a,0x4d,0xb,0x38,0x0,AnimaAffinity,0x0,1,19,5,4,2,1,5,2,0,BRank,ARank,BRank,NoRank,NoRank,NoRank,NoRank,NoRank,85,50,10,10,10,15,30,0x0,0x0,0x0,0x0,0x0,IsBoss,0x0,0x0,0x0,0x0,0x0
0x4E Binks (Ch 9A),0x240,0x29b,0x4e,0x40,0x39,0x0,DarkAffinity,0x0,5,14,8,5,2,7,8,3,0,NoRank,NoRank,BRank,CRank,NoRank,NoRank,NoRank,NoRank,85,50,10,10,10,15,30,0x0,0x0,0x0,0x0,0x0,IsBoss,0x0,0x0,0x0,0x0,0x0
0x4F Pablo (Ch 10A),0x241,0x29c,0x4f,0x27,0x3a,0x0,IceAffinity,0x0,7,16,8,5,8,2,12,9,0,NoRank,NoRank,NoRank,NoRank,CRank,BRank,CRank,NoRank,85,50,25,35,15,15,30,0x0,0x0,0x0,0x0,0x0,IsBoss,0x0,0x0,0x0,0x0,0x0
0x50 Maelduin (Ch 12A),0x255,0x2b1,0x50,0x5e,0x0,0x4,DarkAffinity,0x0,9,15,6,6,2,4,8,0,0,NoRank,NoRank,NoRank,NoRank,NoRank,NoRank,NoRank,NoRank,85,50,10,10,10,15,30,0x0,0x0,0x0,0x0,0x0,IsBoss,0x0,0x0,0x0,0x0,0x0
0x51 Aias (Ch 13A),0x242,0x29d,0x51,0x35,0x3b,0x0,AnimaAffinity,0x0,10,25,10,7,4,8,9,11,1,ARank,BRank,BRank,NoRank,NoRank,NoRank,NoRank,NoRank,85,50,35,35,25,15,30,0x0,0x0,0x0,0x0,0x0,IsBoss,0x0,0x0,0x0,0x0,0x0
0x52 Carlyle (Ch 14A),0x243,0x29e,0x52,0x15,0x3c,0x0,FireAffinity,0x0,11,20,6,6,8,4,8,8,0,ARank,NoRank,NoRank,NoRank,NoRank,NoRank,NoRank,NoRank,85,65,10,10,20,20,30,0x0,0x0,0x0,0x0,0x0,IsBoss,0x0,0x0,0x0,0x0,0x0
0x53 Caellach (Ch 15),0x244,0x29f,0x53,0x11,0x43,0x0,ThunderAffinity,0x0,12,25,13,5,3,7,11,14,2,ARank,NoRank,SRank,NoRank,NoRank,NoRank,NoRank,NoRank,85,50,45,45,30,20,20,0x0,0x0,0x0,0x0,0x0,IsBoss,0x0,0x0,0x0,0x0,0x0
0x54 Pablo (Ch 13A),0x241,0x29c,0x54,0x27,0x3a,0x0,IceAffinity,0x0,7,14,8,5,8,2,12,9,0,NoRank,NoRank,NoRank,NoRank,CRank,BRank,CRank,NoRank,85,50,10,10,10,15,30,0x0,0x0,0x0,0x0,0x0,0x0,0x0,0x0,0x0,0x0,0x0
0x55 -,0x267,0x0,0x55,0x41,0x0,0x3,NoAffinity,0x0,1,0,0,0,0,0,0,0,0,NoRank,NoRank,NoRank,NoRank,NoRank,NoRank,NoRank,NoRank,85,50,10,10,10,15,30,0x0,0x0,0x0,0x0,0x0,IsBoss,0x0,0x0,0x0,0x0,0x0
0x56 Gorgon (Ch 18),0x255,0x2b1,0x56,0x61,0x0,0x4,DarkAffinity,0x0,15,25,10,11,7,5,12,3,0,NoRank,NoRank,NoRank,NoRank,NoRank,NoRank,NoRank,ARank,85,65,20,40,15,40,30,0x0,0x0,0x0,0x0,0x0,IsBoss,0x0,0x0,0x0,0x0,0x0
0x57 Riev (Ch 19 & 20),0x246,0x2a0,0x57,0x2b,0x48,0x0,DarkAffinity,0x0,16,28,10,17,15,13,10,9,0,NoRank,NoRank,NoRank,NoRank,ARank,NoRank,SRank,NoRank,75,45,50,40,20,45,15,0x0,0x0,0x0,0x0,0x0,IsBoss,0x0,0x0,0x0,0x0,0x0
0x58 -,0x267,0x0,0x58,0x41,0x0,0x3,NoAffinity,0x0,1,0,0,0,0,0,0,0,0,NoRank,NoRank,NoRank,NoRank,NoRank,NoRank,NoRank,NoRank,85,50,10,10,10,15,30,0x0,0x0,0x0,0x0,0x0,IsBoss,0x0,0x0,0x0,0x0,0x0
0x59 -,0x267,0x0,0x59,0x41,0x0,0x3,NoAffinity,0x0,1,0,0,0,0,0,0,0,0,NoRank,NoRank,NoRank,NoRank,NoRank,NoRank,NoRank,NoRank,85,50,10,10,10,15,30,0x0,0x0,0x0,0x0,0x0,IsBoss,0x0,0x0,0x0,0x0,0x0
0x5A Gheb (Ch 9B),0x247,0x2a1,0x5a,0x40,0x3d,0x0,ThunderAffinity,0x0,5,17,10,3,0,8,5,1,3,NoRank,NoRank,ARank,DRank,NoRank,NoRank,NoRank,NoRank,85,50,10,10,10,15,30,0x0,0x0,0x0,0x0,0x0,IsBoss,0x0,0x0,0x0,0x0,0x0
0x5B Beran (Ch 10B),0x248,0x2a2,0x5b,0x1d,0x3e,0x0,IceAffinity,0x0,7,22,8,7,7,8,9,6,0,BRank,NoRank,NoRank,ARank,NoRank,NoRank,NoRank,NoRank,85,50,35,35,25,15,30,0x0,0x0,0x0,0x0,0x0,IsBoss,0x0,0x0,0x0,0x0,0x0
0x5C Cyclops (Ch 12B),0x255,0x2b1,0x5c,0x5a,0x0,0x4,DarkAffinity,0x0,9,18,7,3,3,2,10,0,0,NoRank,NoRank,NoRank,NoRank,NoRank,NoRank,NoRank,NoRank,85,50,35,35,25,15,30,0x0,0x0,0x0,0x0,0x0,IsBoss,0x0,0x0,0x0,0x0,0x0
0x5D Wight (Ch 11A),0x255,0x2b1,0x5d,0x56,0x0,0x4,DarkAffinity,0x0,8,15,5,10,7,4,7,1,0,NoRank,NoRank,NoRank,NoRank,NoRank,NoRank,NoRank,NoRank,85,50,10,10,10,15,30,0x0,0x0,0x0,0x0,0x0,IsBoss,0x0,0x0,0x0,0x0,0x0
0x5E Deathgoyle (Ch 11B),0x255,0x2b1,0x5e,0x64,0x0,0x4,DarkAffinity,0x0,8,14,5,9,6,4,4,0,0,NoRank,NoRank,NoRank,NoRank,NoRank,NoRank,NoRank,NoRank,85,50,10,10,10,15,30,0x0,0x0,0x0,0x0,0x0,IsBoss,0x0,0x0,0x0,0x0,0x0
0x5F Entombed (Monster Boss),0x255,0x2b1,0x5f,0x53,0x0,0x4,DarkAffinity,0x0,1,7,2,2,1,2,2,1,0,NoRank,NoRank,NoRank,NoRank,NoRank,NoRank,NoRank,NoRank,85,50,35,35,15,15,30,0x0,0x0,0x0,0x0,0x0,IsBoss,0x0,0x0,0x0,0x0,0x0
0x60 -,0x267,0x0,0x60,0x41,0x0,0x3,NoAffinity,0x0,1,0,0,0,0,0,0,0,0,NoRank,NoRank,NoRank,NoRank,NoRank,NoRank,NoRank,NoRank,85,50,10,10,10,15,30,0x0,0x0,0x0,0x0,0x0,IsBoss,0x0,0x0,0x0,0x0,0x0
0x61 -,0x267,0x0,0x61,0x41,0x0,0x3,NoAffinity,0x0,1,0,0,0,0,0,0,0,0,NoRank,NoRank,NoRank,NoRank,NoRank,NoRank,NoRank,NoRank,85,50,10,10,10,15,30,0x0,0x0,0x0,0x0,0x0,IsBoss,0x0,0x0,0x0,0x0,0x0
0x62 -,0x267,0x0,0x62,0x41,0x0,0x3,NoAffinity,0x0,1,0,0,0,0,0,0,0,0,NoRank,NoRank,NoRank,NoRank,NoRank,NoRank,NoRank,NoRank,85,50,10,10,10,15,30,0x0,0x0,0x0,0x0,0x0,IsBoss,0x0,0x0,0x0,0x0,0x0
0x63 -,0x267,0x0,0x63,0x41,0x0,0x3,NoAffinity,0x0,1,0,0,0,0,0,0,0,0,NoRank,NoRank,NoRank,NoRank,NoRank,NoRank,NoRank,NoRank,85,50,10,10,10,15,30,0x0,0x0,0x0,0x0,0x0,IsBoss,0x0,0x0,0x0,0x0,0x0
0x64 Hunter,0x250,0x2ac,0x64,0xd,0x0,0x6,NoAffinity,0x0,1,0,0,0,0,0,0,0,0,NoRank,NoRank,NoRank,NoRank,NoRank,NoRank,NoRank,NoRank,85,50,10,10,10,15,30,0x0,0x0,0x0,0x0,0x0,0x0,0x0,0x0,0x0,0x0,0x0
0x65 Bandit (Carcino?),0x24f,0x2ad,0x65,0x41,0x0,0x6,NoAffinity,0x0,1,0,0,0,0,0,0,0,0,NoRank,NoRank,NoRank,NoRank,NoRank,NoRank,NoRank,NoRank,60,20,30,35,15,15,25,0x0,0x0,0x0,0x0,0x0,0x0,0x0,0x0,0x0,0x0,0x0
0x66 Brigand,0x24f,0x2ad,0x66,0x41,0x4c,0x6,ThunderAffinity,0x0,1,2,2,2,2,2,2,2,0,NoRank,NoRank,NoRank,NoRank,NoRank,NoRank,NoRank,NoRank,60,20,30,35,15,15,25,0x0,0x0,0x0,0x0,0x0,0x0,0x0,0x0,0x0,0x0,0x0
0x67 Bandit (Unused?),0x24f,0x2ad,0x67,0x41,0x4d,0x6,NoAffinity,0x0,1,0,0,0,0,0,0,0,0,NoRank,NoRank,NoRank,NoRank,NoRank,NoRank,NoRank,NoRank,60,20,30,35,15,15,25,0x0,0x0,0x0,0x0,0x0,0x0,0x0,0x0,0x0,0x0,0x0
0x68 O'Neill (Prologue),0x249,0x2a3,0x68,0x3f,0x30,0x0,FireAffinity,0x0,4,3,1,2,3,0,0,0,0,NoRank,NoRank,CRank,NoRank,NoRank,NoRank,NoRank,NoRank,85,50,10,10,10,15,30,0x0,0x0,0x0,0x0,0x0,IsBoss,0x0,0x0,0x0,0x0,0x0
0x69 Glen (Cutscene),0x24a,0x2a4,0x69,0x21,0x4b,0x0,WindAffinity,0x0,12,21,11,12,6,8,4,7,1,BRank,ARank,NoRank,NoRank,NoRank,NoRank,NoRank,NoRank,85,50,10,10,10,15,30,0x0,0x0,0x0,0x0,0x0,IsBoss,0x0,0x0,0x0,0x0,0x0
0x6A Zonta (Ch 5x),0x24b,0x2a5,0x6a,0xf,0x35,0x0,LightAffinity,0x0,8,7,5,0,1,2,6,4,0,CRank,NoRank,NoRank,NoRank,NoRank,NoRank,NoRank,NoRank,85,50,10,10,10,15,30,0x0,0x0,0x0,0x0,0x0,IsBoss,0x0,0x0,0x0,0x0,0x0
0x6B Vigarde (Ch 14B),0x24c,0x2a6,0x6b,0xb,0x40,0x0,AnimaAffinity,0x0,13,31,13,10,8,7,9,9,2,ARank,SRank,ARank,NoRank,NoRank,NoRank,NoRank,NoRank,85,50,10,10,10,15,30,0x0,0x0,0x0,0x0,0x0,IsBoss,0x0,0x0,0x0,0x0,0x0
0x6C Lyon (Ch Final),0x234,0x2a7,0x6c,0x4f,0x4a,0x0,IceAffinity,0x0,18,55,20,15,10,23,21,9,0,NoRank,NoRank,NoRank,NoRank,ARank,NoRank,NoRank,SRank,60,20,30,35,15,15,25,0x0,0x0,0x0,0x0,0x0,IsBoss,0x0,0x0,0x0,0x0,0x0
0x6D Orson (Ch 16),0x236,0x2a8,0x6d,0x7,0x44,0x0,DarkAffinity,0x0,13,25,11,11,7,6,8,6,1,ARank,ARank,NoRank,NoRank,NoRank,NoRank,NoRank,NoRank,60,20,30,35,15,15,25,0x0,0x0,0x0,0x0,0x0,IsBoss,0x0,0x0,0x0,0x0,0x0
0x6E -,VillagerName,VillagerDesc,0x6e,1,0x0,0x0,NoAffinity,0x0,0,0,0,0,0,0,0,0,0,NoRank,NoRank,NoRank,NoRank,NoRank,NoRank,NoRank,NoRank,60,20,30,35,15,15,25,0x0,0x0,0x0,0x0,0x0,0x0,0x0,0x0,0x0,0x0,0x0
0x6F -,VillagerName,VillagerDesc,0x6f,1,0x0,0x0,NoAffinity,0x0,0,0,0,0,0,0,0,0,0,NoRank,NoRank,NoRank,NoRank,NoRank,NoRank,NoRank,NoRank,60,20,30,35,15,15,25,0x0,0x0,0x0,0x0,0x0,0x0,0x0,0x0,0x0,0x0,0x0
Arvis,ArvisName,ArvisDesc,0x70,Baron,ArvisMug,0x0,NoAffinity,0x0,20,35,15,15,15,15,15,4,0,ARank,NoRank,NoRank,NoRank,NoRank,SRank,NoRank,NoRank,80,105,35,40,30,25,45,0x0,0x0,0x0,0x0,0x0,0x0,0x0,0x0,0x0,0x0,0x0
RobertoFE4,RobertoFE4Name,RobertoFE4Desc,0x71,Paladin,RobertoFE4Mug,0x0,NoAffinity,0x0,16,30,12,13,15,12,14,15,0,BRank,NoRank,NoRank,NoRank,NoRank,NoRank,NoRank,NoRank,100,30,30,30,30,10,0,0x0,0x0,0x0,0x0,0x0,0x0,0x0,0x0,0x0,0x0,0x0
Boyce,BoyceName,BoyceDesc,0x72,Swordmaster,BoyceMug,0x0,NoAffinity,0x0,17,32,14,13,12,12,9,11,0,ARank,NoRank,NoRank,NoRank,NoRank,NoRank,NoRank,NoRank,100,30,30,30,30,10,0,0x0,0x0,0x0,0x0,0x0,0x0,0x0,0x0,0x0,0x0,0x0
Rodan,RodanName,RodanDesc,0x73,Bishop,RodanMug,0x0,NoAffinity,0x0,18,28,8,8,8,2,8,0,0,NoRank,NoRank,NoRank,NoRank,BRank,CRank,NoRank,NoRank,100,30,30,30,10,30,0,0x0,0x0,0x0,0x0,0x0,0x0,0x0,0x0,0x0,0x0,0x0
Yupheel,YupheelName,YupheelDesc,0x74,Druid,YupheelMug,0x0,NoAffinity,0x0,19,29,8,8,8,2,8,0,0,NoRank,NoRank,NoRank,NoRank,NoRank,NoRank,NoRank,ARank,100,30,30,30,10,30,0,0x0,0x0,0x0,0x0,0x0,0x0,0x0,0x0,0x0,0x0,0x0
Fisher,FisherName,FisherDesc,0x75,GreatKnight,FisherMug,0x0,NoAffinity,0x0,17,27,8,8,8,8,2,0,0,NoRank,NoRank,ARank,NoRank,NoRank,NoRank,NoRank,NoRank,100,30,30,30,30,10,0,0x0,0x0,0x0,0x0,0x0,0x0,0x0,0x0,0x0,0x0,0x0
Brian,BrianName,BrianDesc,0x76,GreatKnight,BrianMug,0x0,NoAffinity,0x0,20,40,15,12,14,15,10,12,0,NoRank,NoRank,SRank,NoRank,NoRank,NoRank,NoRank,NoRank,140,30,30,30,90,10,0,0x0,0x0,0x0,0x0,0x0,0x0,0x0,0x0,0x0,0x0,0x0
Dagon,DagonName,DagonDesc,0x77,Druid,DagonMug,0x0,NoAffinity,0x0,19,29,8,8,8,2,8,0,0,NoRank,NoRank,NoRank,NoRank,NoRank,NoRank,NoRank,ARank,100,30,30,30,10,30,0,0x0,0x0,0x0,0x0,0x0,0x0,0x0,0x0,0x0,0x0,0x0
Scipio,ScipioName,ScipioDesc,0x78,Ranger,ScipioMug,0x0,NoAffinity,0x0,19,40,14,10,11,12,6,12,0,NoRank,NoRank,NoRank,CRank,NoRank,NoRank,NoRank,NoRank,100,30,30,30,30,10,0,0x0,0x0,0x0,0x0,0x0,0x0,0x0,0x0,0x0,0x0,0x0
Baran,BaranName,BaranDesc,0x79,Druid,BaranMug,0x0,NoAffinity,0x0,19,29,8,8,8,2,8,0,0,NoRank,NoRank,NoRank,NoRank,NoRank,NoRank,NoRank,ARank,100,30,30,30,10,30,0,0x0,0x0,0x0,0x0,0x0,0x0,0x0,0x0,0x0,0x0,0x0
Meng,MengName,MengDesc,0x7a,FalcoKnight,MengMug,0x0,NoAffinity,0x0,15,25,12,13,15,15,15,30,0,NoRank,NoRank,NoRank,NoRank,NoRank,NoRank,NoRank,NoRank,120,30,30,60,30,10,0,0x0,0x0,0x0,0x0,0x0,TriangleAttack|IsFemale,0x0,0x0,0x0,0x0,0x0
Breg,BregName,BregDesc,0x7b,FalcoKnight,BregMug,0x0,NoAffinity,0x0,15,25,12,13,15,15,15,30,0,NoRank,NoRank,NoRank,NoRank,NoRank,NoRank,NoRank,NoRank,120,30,30,60,30,10,0,0x0,0x0,0x0,0x0,0x0,TriangleAttack|IsFemale,0x0,0x0,0x0,0x0,0x0
Meibel,MeibelName,MeibelDesc,0x7c,FalcoKnight,MeibelMug,0x0,NoAffinity,0x0,15,25,12,13,15,15,15,30,0,NoRank,NoRank,NoRank,NoRank,NoRank,NoRank,NoRank,NoRank,120,30,30,60,30,10,0,0x0,0x0,0x0,0x0,0x0,TriangleAttack|IsFemale,0x0,0x0,0x0,0x0,0x0
Manfroy,ManfroyName,ManfroyDesc,0x7d,Druid,ManfroyMug,0x0,NoAffinity,0x0,20,40,14,15,14,13,15,6,0,NoRank,NoRank,NoRank,NoRank,NoRank,NoRank,NoRank,ARank,100,30,30,30,10,30,0,0x0,0x0,0x0,0x0,0x0,0x0,0x0,0x0,0x0,0x0,0x0
0x7E -,VillagerName,VillagerDesc,0x7e,1,0x0,0x0,NoAffinity,0x0,0,0,0,0,0,0,0,0,0,NoRank,NoRank,NoRank,NoRank,NoRank,NoRank,NoRank,NoRank,60,20,30,35,15,15,25,0x0,0x0,0x0,0x0,0x0,0x0,0x0,0x0,0x0,0x0,0x0
0x7F -,0x24d,0x2a9,0x7f,0x5,0x0,0x3,NoAffinity,0x0,1,3,2,1,2,2,0,1,0,NoRank,NoRank,NoRank,NoRank,NoRank,NoRank,NoRank,NoRank,60,20,30,35,15,15,25,0x0,0x0,0x0,0x0,0x0,0x0,0x0,0x0,0x0,0x0,0x0
0x80 Grado Soldier (Main),0x24d,0x2a9,0x80,0x3f,0x0,0x3,NoAffinity,0x0,1,0,0,0,0,0,0,0,0,NoRank,NoRank,NoRank,NoRank,NoRank,NoRank,NoRank,NoRank,60,20,30,35,15,15,25,0x0,0x0,0x0,0x0,0x0,0x0,0x0,0x0,0x0,0x0,0x0
0x81 -,0x24d,0x2a9,0x81,0x19,0x0,0x3,NoAffinity,0x0,1,0,0,0,0,0,0,0,0,NoRank,NoRank,NoRank,NoRank,NoRank,NoRank,NoRank,NoRank,60,20,30,35,15,15,25,0x0,0x0,0x0,0x0,0x0,0x0,0x0,0x0,0x0,0x0,0x0
0x82 -,0x24d,0x2a9,0x82,0x3f,0x0,0x3,NoAffinity,0x0,1,2,0,-1,-3,3,0,0,0,NoRank,NoRank,NoRank,NoRank,NoRank,NoRank,NoRank,NoRank,60,20,30,35,15,15,25,0x0,0x0,0x0,0x0,0x0,0x0,0x0,0x0,0x0,0x0,0x0
0x83 -,0x24d,0x2a9,0x83,0x4e,0x0,0x3,NoAffinity,0x0,1,0,0,0,0,0,0,0,0,NoRank,NoRank,NoRank,NoRank,NoRank,NoRank,NoRank,NoRank,60,20,30,35,15,15,25,0x0,0x0,0x0,0x0,0x0,0x0,0x0,0x0,0x0,0x0,0x0
0x84 -,0x24d,0x2a9,0x84,0x9,0x0,0x3,NoAffinity,0x0,1,0,0,0,0,0,0,0,0,NoRank,NoRank,NoRank,NoRank,NoRank,NoRank,NoRank,NoRank,60,20,30,35,15,15,25,0x0,0x0,0x0,0x0,0x0,0x0,0x0,0x0,0x0,0x0,0x0
0x85 -,0x24d,0x2a9,0x85,0x5,0x0,0x3,NoAffinity,0x0,1,0,0,0,0,0,0,0,0,NoRank,NoRank,NoRank,NoRank,NoRank,NoRank,NoRank,NoRank,60,20,30,35,15,15,25,0x0,0x0,0x0,0x0,0x0,0x0,0x0,0x0,0x0,0x0,0x0
0x86 -,0x24d,0x2a9,0x86,0x13,0x0,0x3,NoAffinity,0x0,1,0,0,0,0,0,0,0,0,NoRank,NoRank,NoRank,NoRank,NoRank,NoRank,NoRank,NoRank,60,20,30,35,15,15,25,0x0,0x0,0x0,0x0,0x0,0x0,0x0,0x0,0x0,0x0,0x0
0x87 -,0x24d,0x2a9,0x87,0xf,0x0,0x3,NoAffinity,0x0,1,0,0,0,0,0,0,0,0,NoRank,NoRank,NoRank,NoRank,NoRank,NoRank,NoRank,NoRank,60,20,30,35,15,15,25,0x0,0x0,0x0,0x0,0x0,0x0,0x0,0x0,0x0,0x0,0x0
0x88 -,0x24d,0x2a9,0x88,0xd,0x0,0x3,NoAffinity,0x0,1,0,0,0,0,0,0,0,0,NoRank,NoRank,NoRank,NoRank,NoRank,NoRank,NoRank,NoRank,60,20,30,35,15,15,25,0x0,0x0,0x0,0x0,0x0,0x0,0x0,0x0,0x0,0x0,0x0
0x89 Grado (Duessel's),0x24d,0x2a9,0x89,0x25,0x0,0x3,NoAffinity,0x0,1,0,0,0,0,0,0,0,0,NoRank,NoRank,NoRank,NoRank,NoRank,NoRank,NoRank,NoRank,60,20,30,35,15,15,25,0x0,0x0,0x0,0x0,0x0,0x0,0x0,0x0,0x0,0x0,0x0
0x8A Grado (Duessel's),0x24d,0x2a9,0x8a,0x44,0x0,0x3,NoAffinity,0x0,1,0,0,0,0,0,0,0,0,NoRank,NoRank,NoRank,NoRank,NoRank,NoRank,NoRank,NoRank,60,20,30,35,15,15,25,0x0,0x0,0x0,0x0,0x0,0x0,0x0,0x0,0x0,0x0,0x0
0x8B Grado (Duessel's),0x24d,0x2a9,0x8b,0x2d,0x0,0x3,NoAffinity,0x0,1,0,0,0,0,0,0,0,0,NoRank,NoRank,NoRank,NoRank,NoRank,NoRank,NoRank,NoRank,60,20,30,35,15,15,25,0x0,0x0,0x0,0x0,0x0,0x0,0x0,0x0,0x0,0x0,0x0
0x8C Grado,0x24d,0x2a9,0x8c,0x4b,0x0,0x3,NoAffinity,0x0,1,0,0,0,0,0,0,0,0,NoRank,NoRank,NoRank,NoRank,NoRank,NoRank,NoRank,NoRank,60,20,30,35,15,15,25,0x0,0x0,0x0,0x0,0x0,IsFemale,0x0,0x0,0x0,0x0,0x0
0x8D Grado Remnant (Main),0x24e,0x2aa,0x8d,0x9,0x0,0x3,NoAffinity,0x0,1,0,0,0,0,0,0,0,0,NoRank,NoRank,NoRank,NoRank,NoRank,NoRank,NoRank,NoRank,60,20,30,35,15,15,25,0x0,0x0,0x0,0x0,0x0,0x0,0x0,0x0,0x0,0x0,0x0
0x8E Cutthroat,0x254,0x2ae,0x8e,0x41,0x0,0x6,NoAffinity,0x0,1,0,0,0,0,0,0,0,0,NoRank,NoRank,NoRank,NoRank,NoRank,NoRank,NoRank,NoRank,60,20,30,35,15,15,25,0x0,0x0,0x0,0x0,0x0,0x0,0x0,0x0,0x0,0x0,0x0
0x8F Grado Remnant (Cutscene/C16),0x24e,0x2aa,0x8f,0x5,0x0,0x3,NoAffinity,0x0,1,0,0,0,0,0,0,0,0,NoRank,NoRank,NoRank,NoRank,NoRank,NoRank,NoRank,NoRank,60,20,30,35,15,15,25,0x0,0x0,0x0,0x0,0x0,0x0,0x0,0x0,0x0,0x0,0x0
0x90 Grado Remnant (C16),0x24e,0x2aa,0x90,0x2d,0x0,0x3,NoAffinity,0x0,1,0,0,0,0,0,0,0,0,NoRank,NoRank,NoRank,NoRank,NoRank,NoRank,NoRank,NoRank,60,20,30,35,15,15,25,0x0,0x0,0x0,0x0,0x0,0x0,0x0,0x0,0x0,0x0,0x0
0x91 Grado Remnant (C16),0x24e,0x2aa,0x91,0x25,0x0,0x3,NoAffinity,0x0,1,0,0,0,0,0,0,0,0,NoRank,NoRank,NoRank,NoRank,NoRank,NoRank,NoRank,NoRank,60,20,30,35,15,15,25,0x0,0x0,0x0,0x0,0x0,0x0,0x0,0x0,0x0,0x0,0x0
0x92 Wraith (Sage),0x267,0x0,0x92,0x41,0x0,0x3,NoAffinity,0x0,0,0,0,0,0,0,0,0,0,NoRank,NoRank,NoRank,NoRank,NoRank,NoRank,NoRank,NoRank,0,0,0,0,0,0,0,0x0,0x0,0x0,0x0,0x0,0x0,0x0,0x0,0x0,0x0,0x0
0x93 Wraith (Swords),0x267,0x0,0x93,0x41,0x0,0x3,NoAffinity,0x0,0,0,0,0,0,0,0,0,0,NoRank,NoRank,NoRank,NoRank,NoRank,NoRank,NoRank,NoRank,0,0,0,0,0,0,0,0x0,0x0,0x0,0x0,0x0,0x0,0x0,0x0,0x0,0x0,0x0
0x94 Wraith (Axes),0x267,0x0,0x94,0x41,0x0,0x3,NoAffinity,0x0,0,0,0,0,0,0,0,0,0,NoRank,NoRank,NoRank,NoRank,NoRank,NoRank,NoRank,NoRank,0,0,0,0,0,0,0,0x0,0x0,0x0,0x0,0x0,0x0,0x0,0x0,0x0,0x0,0x0
0x95 -,VillagerName,VillagerDesc,0x95,1,0x0,0x3,NoAffinity,0x0,0,0,0,0,0,0,0,0,0,NoRank,NoRank,NoRank,NoRank,NoRank,NoRank,NoRank,NoRank,0,0,0,0,0,0,0,0x0,0x0,0x0,0x0,0x0,0x0,0x0,0x0,0x0,0x0,0x0
0x96 -,VillagerName,VillagerDesc,0x96,1,0x0,0x3,NoAffinity,0x0,0,0,0,0,0,0,0,0,0,NoRank,NoRank,NoRank,NoRank,NoRank,NoRank,NoRank,NoRank,0,0,0,0,0,0,0,0x0,0x0,0x0,0x0,0x0,0x0,0x0,0x0,0x0,0x0,0x0
0x97 -,VillagerName,VillagerDesc,0x97,1,0x0,0x3,NoAffinity,0x0,0,0,0,0,0,0,0,0,0,NoRank,NoRank,NoRank,NoRank,NoRank,NoRank,NoRank,NoRank,0,0,0,0,0,0,0,0x0,0x0,0x0,0x0,0x0,0x0,0x0,0x0,0x0,0x0,0x0
0x98 -,VillagerName,VillagerDesc,0x98,1,0x0,0x3,NoAffinity,0x0,0,0,0,0,0,0,0,0,0,NoRank,NoRank,NoRank,NoRank,NoRank,NoRank,NoRank,NoRank,0,0,0,0,0,0,0,0x0,0x0,0x0,0x0,0x0,0x0,0x0,0x0,0x0,0x0,0x0
0x99 -,VillagerName,VillagerDesc,0x99,1,0x0,0x3,NoAffinity,0x0,0,0,0,0,0,0,0,0,0,NoRank,NoRank,NoRank,NoRank,NoRank,NoRank,NoRank,NoRank,0,0,0,0,0,0,0,0x0,0x0,0x0,0x0,0x0,0x0,0x0,0x0,0x0,0x0,0x0
0x9A -,VillagerName,VillagerDesc,0x9a,1,0x0,0x3,NoAffinity,0x0,0,0,0,0,0,0,0,0,0,NoRank,NoRank,NoRank,NoRank,NoRank,NoRank,NoRank,NoRank,0,0,0,0,0,0,0,0x0,0x0,0x0,0x0,0x0,0x0,0x0,0x0,0x0,0x0,0x0
0x9B -,VillagerName,VillagerDesc,0x9b,1,0x0,0x3,NoAffinity,0x0,0,0,0,0,0,0,0,0,0,NoRank,NoRank,NoRank,NoRank,NoRank,NoRank,NoRank,NoRank,0,0,0,0,0,0,0,0x0,0x0,0x0,0x0,0x0,0x0,0x0,0x0,0x0,0x0,0x0
0x9C -,VillagerName,VillagerDesc,0x9c,1,0x0,0x3,NoAffinity,0x0,0,0,0,0,0,0,0,0,0,NoRank,NoRank,NoRank,NoRank,NoRank,NoRank,NoRank,NoRank,0,0,0,0,0,0,0,0x0,0x0,0x0,0x0,0x0,0x0,0x0,0x0,0x0,0x0,0x0
0x9D -,VillagerName,VillagerDesc,0x9d,1,0x0,0x3,NoAffinity,0x0,0,0,0,0,0,0,0,0,0,NoRank,NoRank,NoRank,NoRank,NoRank,NoRank,NoRank,NoRank,0,0,0,0,0,0,0,0x0,0x0,0x0,0x0,0x0,0x0,0x0,0x0,0x0,0x0,0x0
0x9E -,VillagerName,VillagerDesc,0x9e,1,0x0,0x3,NoAffinity,0x0,0,0,0,0,0,0,0,0,0,NoRank,NoRank,NoRank,NoRank,NoRank,NoRank,NoRank,NoRank,0,0,0,0,0,0,0,0x0,0x0,0x0,0x0,0x0,0x0,0x0,0x0,0x0,0x0,0x0
0x9F -,VillagerName,VillagerDesc,0x9f,1,0x0,0x3,NoAffinity,0x0,0,0,0,0,0,0,0,0,0,NoRank,NoRank,NoRank,NoRank,NoRank,NoRank,NoRank,NoRank,0,0,0,0,0,0,0,0x0,0x0,0x0,0x0,0x0,0x0,0x0,0x0,0x0,0x0,0x0
0xA0 -,VillagerName,VillagerDesc,0xa0,1,0x0,0x3,NoAffinity,0x0,0,0,0,0,0,0,0,0,0,NoRank,NoRank,NoRank,NoRank,NoRank,NoRank,NoRank,NoRank,0,0,0,0,0,0,0,0x0,0x0,0x0,0x0,0x0,0x0,0x0,0x0,0x0,0x0,0x0
0xA1 -,VillagerName,VillagerDesc,0xa1,1,0x0,0x3,NoAffinity,0x0,0,0,0,0,0,0,0,0,0,NoRank,NoRank,NoRank,NoRank,NoRank,NoRank,NoRank,NoRank,0,0,0,0,0,0,0,0x0,0x0,0x0,0x0,0x0,0x0,0x0,0x0,0x0,0x0,0x0
0xA2 -,VillagerName,VillagerDesc,0xa2,1,0x0,0x3,NoAffinity,0x0,0,0,0,0,0,0,0,0,0,NoRank,NoRank,NoRank,NoRank,NoRank,NoRank,NoRank,NoRank,0,0,0,0,0,0,0,0x0,0x0,0x0,0x0,0x0,0x0,0x0,0x0,0x0,0x0,0x0
0xA3 -,VillagerName,VillagerDesc,0xa3,1,0x0,0x3,NoAffinity,0x0,0,0,0,0,0,0,0,0,0,NoRank,NoRank,NoRank,NoRank,NoRank,NoRank,NoRank,NoRank,0,0,0,0,0,0,0,0x0,0x0,0x0,0x0,0x0,0x0,0x0,0x0,0x0,0x0,0x0
0xA4 -,VillagerName,VillagerDesc,0xa4,1,0x0,0x3,NoAffinity,0x0,0,0,0,0,0,0,0,0,0,NoRank,NoRank,NoRank,NoRank,NoRank,NoRank,NoRank,NoRank,0,0,0,0,0,0,0,0x0,0x0,0x0,0x0,0x0,0x0,0x0,0x0,0x0,0x0,0x0
0xA5 -,VillagerName,VillagerDesc,0xa5,1,0x0,0x3,NoAffinity,0x0,0,0,0,0,0,0,0,0,0,NoRank,NoRank,NoRank,NoRank,NoRank,NoRank,NoRank,NoRank,0,0,0,0,0,0,0,0x0,0x0,0x0,0x0,0x0,0x0,0x0,0x0,0x0,0x0,0x0
0xA6 -,VillagerName,VillagerDesc,0xa6,1,0x0,0x3,NoAffinity,0x0,0,0,0,0,0,0,0,0,0,NoRank,NoRank,NoRank,NoRank,NoRank,NoRank,NoRank,NoRank,0,0,0,0,0,0,0,0x0,0x0,0x0,0x0,0x0,0x0,0x0,0x0,0x0,0x0,0x0
0xA7 Mercenary (Ch 9A),0x253,0x2ab,0xa7,0xf,0x0,0x6,NoAffinity,0x0,1,0,0,0,0,0,0,0,0,NoRank,NoRank,NoRank,NoRank,NoRank,NoRank,NoRank,NoRank,60,20,30,35,15,15,25,0x0,0x0,0x0,0x0,0x0,0x0,0x0,0x0,0x0,0x0,0x0
0xA8 Mercenary (Ch 10A),0x251,0x2af,0xa8,0xf,0x0,0x6,NoAffinity,0x0,1,0,0,0,0,0,0,0,0,NoRank,NoRank,NoRank,NoRank,NoRank,NoRank,NoRank,NoRank,60,20,30,35,15,15,25,0x0,0x0,0x0,0x0,0x0,0x0,0x0,0x0,0x0,0x0,0x0
0xA9 Remnant/Merc (Ch 13A),0x252,0x2b0,0xa9,0xf,0x0,0x6,NoAffinity,0x0,1,0,0,0,0,0,0,0,0,NoRank,NoRank,NoRank,NoRank,NoRank,NoRank,NoRank,NoRank,60,20,30,35,15,15,25,0x0,0x0,0x0,0x0,0x0,0x0,0x0,0x0,0x0,0x0,0x0
0xAA Monster,0x255,0x2b1,0xaa,0x52,0x0,0x4,DarkAffinity,0x0,1,0,0,0,0,0,0,0,0,NoRank,NoRank,NoRank,NoRank,NoRank,NoRank,NoRank,NoRank,60,20,30,35,15,15,25,0x0,0x0,0x0,0x0,0x0,0x0,0x0,0x0,0x0,0x0,0x0
0xAB Monster,0x255,0x2b1,0xab,0x53,0x0,0x4,DarkAffinity,0x0,1,0,0,0,0,0,0,0,0,NoRank,NoRank,NoRank,NoRank,NoRank,NoRank,NoRank,NoRank,60,20,30,35,15,15,25,0x0,0x0,0x0,0x0,0x0,0x0,0x0,0x0,0x0,0x0,0x0
0xAC Monster,0x255,0x2b1,0xac,0x54,0x0,0x4,DarkAffinity,0x0,1,0,0,0,0,0,0,0,0,NoRank,NoRank,NoRank,NoRank,NoRank,NoRank,NoRank,NoRank,60,20,30,35,15,15,25,0x0,0x0,0x0,0x0,0x0,0x0,0x0,0x0,0x0,0x0,0x0
0xAD Monster,0x255,0x2b1,0xad,0x55,0x0,0x4,DarkAffinity,0x0,1,0,0,0,0,0,0,0,0,NoRank,NoRank,NoRank,NoRank,NoRank,NoRank,NoRank,NoRank,60,20,30,35,15,15,25,0x0,0x0,0x0,0x0,0x0,0x0,0x0,0x0,0x0,0x0,0x0
0xAE Monster,0x255,0x2b1,0xae,0x56,0x0,0x4,DarkAffinity,0x0,1,0,0,0,0,0,0,0,0,NoRank,NoRank,NoRank,NoRank,NoRank,NoRank,NoRank,NoRank,60,20,30,35,15,15,25,0x0,0x0,0x0,0x0,0x0,0x0,0x0,0x0,0x0,0x0,0x0
0xAF Monster,0x255,0x2b1,0xaf,0x57,0x0,0x4,DarkAffinity,0x0,1,0,0,0,0,0,0,0,0,NoRank,NoRank,NoRank,NoRank,NoRank,NoRank,NoRank,NoRank,60,20,30,35,15,15,25,0x0,0x0,0x0,0x0,0x0,0x0,0x0,0x0,0x0,0x0,0x0
0xB0 Monster,0x255,0x2b1,0xb0,0x58,0x0,0x4,DarkAffinity,0x0,1,0,0,0,0,0,0,0,0,NoRank,NoRank,NoRank,NoRank,NoRank,NoRank,NoRank,NoRank,60,20,30,35,15,15,25,0x0,0x0,0x0,0x0,0x0,0x0,0x0,0x0,0x0,0x0,0x0
0xB1 Monster,0x255,0x2b1,0xb1,0x59,0x0,0x4,DarkAffinity,0x0,1,0,0,0,0,0,0,0,0,NoRank,NoRank,NoRank,NoRank,NoRank,NoRank,NoRank,NoRank,60,20,30,35,15,15,25,0x0,0x0,0x0,0x0,0x0,0x0,0x0,0x0,0x0,0x0,0x0
0xB2 Monster,0x255,0x2b1,0xb2,0x5a,0x0,0x4,DarkAffinity,0x0,1,0,0,0,0,0,0,0,0,NoRank,NoRank,NoRank,NoRank,NoRank,NoRank,NoRank,NoRank,60,20,30,35,15,15,25,0x0,0x0,0x0,0x0,0x0,0x0,0x0,0x0,0x0,0x0,0x0
0xB3 Monster,0x255,0x2b1,0xb3,0x5b,0x0,0x4,DarkAffinity,0x0,1,0,0,0,0,0,0,0,0,NoRank,NoRank,NoRank,NoRank,NoRank,NoRank,NoRank,NoRank,60,20,30,35,15,15,25,0x0,0x0,0x0,0x0,0x0,0x0,0x0,0x0,0x0,0x0,0x0
0xB4 Monster,0x255,0x2b1,0xb4,0x5c,0x0,0x4,DarkAffinity,0x0,1,0,0,0,0,0,0,0,0,NoRank,NoRank,NoRank,NoRank,NoRank,NoRank,NoRank,NoRank,60,20,30,35,15,15,25,0x0,0x0,0x0,0x0,0x0,0x0,0x0,0x0,0x0,0x0,0x0
0xB5 Monster,0x255,0x2b1,0xb5,0x5d,0x0,0x4,DarkAffinity,0x0,1,0,0,0,0,0,0,0,0,NoRank,NoRank,NoRank,NoRank,NoRank,NoRank,NoRank,NoRank,60,20,30,35,15,15,25,0x0,0x0,0x0,0x0,0x0,0x0,0x0,0x0,0x0,0x0,0x0
0xB6 Monster,0x255,0x2b1,0xb6,0x5e,0x0,0x4,DarkAffinity,0x0,1,0,0,0,0,0,0,0,0,NoRank,NoRank,NoRank,NoRank,NoRank,NoRank,NoRank,NoRank,60,20,30,35,15,15,25,0x0,0x0,0x0,0x0,0x0,0x0,0x0,0x0,0x0,0x0,0x0
0xB7 Monster,0x255,0x2b1,0xb7,0x5f,0x0,0x4,DarkAffinity,0x0,1,0,0,0,0,0,0,0,0,NoRank,NoRank,NoRank,NoRank,NoRank,NoRank,NoRank,NoRank,60,20,30,35,15,15,25,0x0,0x0,0x0,0x0,0x0,0x0,0x0,0x0,0x0,0x0,0x0
0xB8 Monster,0x255,0x2b1,0xb8,0x60,0x0,0x4,DarkAffinity,0x0,1,0,0,0,0,0,0,0,0,NoRank,NoRank,NoRank,NoRank,NoRank,NoRank,NoRank,NoRank,60,20,30,35,15,15,25,0x0,0x0,0x0,0x0,0x0,0x0,0x0,0x0,0x0,0x0,0x0
0xB9 Monster,0x255,0x2b1,0xb9,0x61,0x0,0x4,DarkAffinity,0x0,1,0,0,0,0,0,0,0,0,NoRank,NoRank,NoRank,NoRank,NoRank,NoRank,NoRank,NoRank,60,20,30,35,15,15,25,0x0,0x0,0x0,0x0,0x0,0x0,0x0,0x0,0x0,0x0,0x0
0xBA Monster (Gorgon Egg?),0x256,0x2b1,0xba,0x62,0x0,0x4,DarkAffinity,0x0,1,0,0,0,0,0,0,0,0,NoRank,NoRank,NoRank,NoRank,NoRank,NoRank,NoRank,NoRank,100,0,0,0,0,0,0,0x0,0x0,0x0,0x0,0x0,0x0,0x0,0x0,0x0,0x0,0x0
0xBB Monster,0x255,0x2b1,0xbb,0x63,0x0,0x4,DarkAffinity,0x0,1,0,0,0,0,0,0,0,0,NoRank,NoRank,NoRank,NoRank,NoRank,NoRank,NoRank,NoRank,60,20,30,35,15,15,25,0x0,0x0,0x0,0x0,0x0,0x0,0x0,0x0,0x0,0x0,0x0
0xBC Monster,0x255,0x2b1,0xbc,0x64,0x0,0x4,DarkAffinity,0x0,1,0,0,0,0,0,0,0,0,NoRank,NoRank,NoRank,NoRank,NoRank,NoRank,NoRank,NoRank,60,20,30,35,15,15,25,0x0,0x0,0x0,0x0,0x0,0x0,0x0,0x0,0x0,0x0,0x0
0xBD Monster (Dracozombie?),0x255,0x2b1,0xbd,0x65,0x0,0x1,DarkAffinity,0x0,1,0,0,0,0,0,0,0,0,NoRank,NoRank,NoRank,NoRank,NoRank,NoRank,NoRank,NoRank,60,20,30,35,15,15,25,0x0,0x0,0x0,0x0,0x0,0x0,0x0,0x0,0x0,0x0,0x0
0xBE Demon King,0x25a,0x2b2,0xbe,0x66,0x0,0x4,DarkAffinity,0x0,20,0,0,0,0,0,0,10,0,NoRank,NoRank,NoRank,NoRank,NoRank,NoRank,NoRank,NoRank,60,20,30,35,15,15,25,0x0,0x0,0x0,0x0,0x0,IsBoss,0x0,0x0,0x0,0x0,0x0
0xBF -,0x267,0x0,0xbf,0x41,0x0,0x0,NoAffinity,0x0,1,0,0,0,0,0,0,0,0,NoRank,NoRank,NoRank,NoRank,NoRank,NoRank,NoRank,NoRank,0,0,0,0,0,0,0,0x0,0x0,0x0,0x0,0x0,0x0,0x0,0x0,0x0,0x0,0x0
0xC0 Frelian,0x262,0x2ba,0xc0,0x13,0x0,0x2,NoAffinity,0x0,1,0,0,0,0,0,0,0,0,NoRank,NoRank,NoRank,NoRank,NoRank,NoRank,NoRank,NoRank,85,40,50,45,25,25,20,0x0,0x0,0x0,0x0,0x0,0x0,0x0,0x0,0x0,0x0,0x0
0xC1 Frelian,0x262,0x2ba,0xc1,0x5,0x0,0x2,NoAffinity,0x0,1,0,0,0,0,0,0,0,0,NoRank,NoRank,NoRank,NoRank,NoRank,NoRank,NoRank,NoRank,85,40,50,45,25,25,20,0x0,0x0,0x0,0x0,0x0,0x0,0x0,0x0,0x0,0x0,0x0
0xC2 -,0x267,0x0,0xc2,0x41,0x0,0x0,NoAffinity,0x0,1,0,0,0,0,0,0,0,0,NoRank,NoRank,NoRank,NoRank,NoRank,NoRank,NoRank,NoRank,0,0,0,0,0,0,0,0x0,0x0,0x0,0x0,0x0,0x0,0x0,0x0,0x0,0x0,0x0
0xC3 -,0x267,0x0,0xc3,0x41,0x0,0x0,NoAffinity,0x0,1,0,0,0,0,0,0,0,0,NoRank,NoRank,NoRank,NoRank,NoRank,NoRank,NoRank,NoRank,0,0,0,0,0,0,0,0x0,0x0,0x0,0x0,0x0,0x0,0x0,0x0,0x0,0x0,0x0
0xC4 -,0x267,0x0,0xc4,0x41,0x0,0x0,NoAffinity,0x0,1,0,0,0,0,0,0,0,0,NoRank,NoRank,NoRank,NoRank,NoRank,NoRank,NoRank,NoRank,0,0,0,0,0,0,0,0x0,0x0,0x0,0x0,0x0,0x0,0x0,0x0,0x0,0x0,0x0
0xC5 Fado (Renais),0x25b,0x2b3,0xc5,0x27,0x51,0x0,FireAffinity,0x0,5,13,8,6,8,2,12,10,3,NoRank,NoRank,NoRank,NoRank,NoRank,NoRank,NoRank,NoRank,85,40,50,45,25,25,20,0x0,0x0,0x0,0x0,0x0,0x0,0x0,0x0,0x0,0x0,0x0
0xC6 -,0x267,0x0,0xc6,0x41,0x0,0x0,NoAffinity,0x0,1,0,0,0,0,0,0,0,0,NoRank,NoRank,NoRank,NoRank,NoRank,NoRank,NoRank,NoRank,0,0,0,0,0,0,0,0x0,0x0,0x0,0x0,0x0,0x0,0x0,0x0,0x0,0x0,0x0
0xC7 Hayden (Frelia),0x25c,0x2b4,0xc7,0x73,0x52,0x0,AnimaAffinity,0x0,1,0,0,0,0,0,0,0,1,NoRank,NoRank,NoRank,NoRank,NoRank,NoRank,NoRank,NoRank,85,40,50,45,25,25,20,0x0,0x0,0x0,0x0,0x0,0x0,0x0,0x0,0x0,0x0,0x0
0xC8 Mansel (Rausten),0x25e,0x2b5,0xc8,0x7a,0x53,0x0,LightAffinity,0x0,17,11,11,3,2,5,8,17,0,NoRank,NoRank,NoRank,NoRank,NoRank,NoRank,NoRank,NoRank,85,40,50,45,25,25,20,0x0,0x0,0x0,0x0,0x0,0x0,0x0,0x0,0x0,0x0,0x0
0xC9 Klimt (Carcino),0x25d,0x2b6,0xc9,0x2b,0x54,0x0,AnimaAffinity,0x0,1,0,0,0,0,0,0,0,0,NoRank,NoRank,NoRank,NoRank,NoRank,NoRank,NoRank,NoRank,85,40,50,45,25,25,20,0x0,0x0,0x0,0x0,0x0,0x0,0x0,0x0,0x0,0x0,0x0
0xCA Dara (Caer Pelyn),0x25f,0x2b7,0xca,0x2f,0x55,0x0,DarkAffinity,0x0,1,0,0,0,0,0,0,0,0,NoRank,NoRank,NoRank,NoRank,NoRank,NoRank,NoRank,NoRank,85,40,50,45,25,25,20,0x0,0x0,0x0,0x0,0x0,0x0,0x0,0x0,0x0,0x0,0x0
0xCB Ismaire (Jehanna),0x260,0x2b8,0xcb,0x74,0x56,0x0,WindAffinity,0x0,4,14,10,9,11,4,12,12,0,ARank,NoRank,NoRank,NoRank,NoRank,NoRank,NoRank,NoRank,75,30,60,55,20,25,30,0x0,0x0,0x0,0x0,0x0,IsFemale,0x0,0x0,0x0,0x0,0x0
0xCC Pegasus Messenger,0x261,0x2b9,0xcc,0x48,0x69,0x0,WindAffinity,0x0,1,3,2,2,5,0,2,7,0,NoRank,DRank,NoRank,NoRank,NoRank,NoRank,NoRank,NoRank,85,40,50,45,25,25,20,0x0,0x0,0x0,0x0,0x0,IsFemale,0x0,0x0,0x0,0x0,0x0
0xCD Rausten Knight,0x263,0x2bb,0xcd,0x9,0x0,0x2,NoAffinity,0x0,1,0,0,0,0,0,0,0,0,NoRank,NoRank,NoRank,NoRank,NoRank,NoRank,NoRank,NoRank,85,40,50,45,25,25,20,0x0,0x0,0x0,0x0,0x0,0x0,0x0,0x0,0x0,0x0,0x0
0xCE Rausten Knight,0x263,0x2bb,0xce,0x9,0x0,0x2,NoAffinity,0x0,1,0,0,0,0,0,0,0,0,NoRank,NoRank,NoRank,NoRank,NoRank,NoRank,NoRank,NoRank,85,40,50,45,25,25,20,0x0,0x0,0x0,0x0,0x0,0x0,0x0,0x0,0x0,0x0,0x0
0xCF -,0x267,0x0,0xcf,0x41,0x0,0x0,NoAffinity,0x0,0,0,0,0,0,0,0,0,0,NoRank,NoRank,NoRank,NoRank,NoRank,NoRank,NoRank,NoRank,0,0,0,0,0,0,0,0x0,0x0,0x0,0x0,0x0,0x0,0x0,0x0,0x0,0x0,0x0
0xD0 -,0x267,0x0,0xd0,0x41,0x0,0x0,NoAffinity,0x0,0,0,0,0,0,0,0,0,0,NoRank,NoRank,NoRank,NoRank,NoRank,NoRank,NoRank,NoRank,0,0,0,0,0,0,0,0x0,0x0,0x0,0x0,0x0,0x0,0x0,0x0,0x0,0x0,0x0
0xD1 -,0x267,0x0,0xd1,0x41,0x0,0x0,NoAffinity,0x0,0,0,0,0,0,0,0,0,0,NoRank,NoRank,NoRank,NoRank,NoRank,NoRank,NoRank,NoRank,0,0,0,0,0,0,0,0x0,0x0,0x0,0x0,0x0,0x0,0x0,0x0,0x0,0x0,0x0
0xD2 -,0x267,0x0,0xd2,0x41,0x0,0x0,NoAffinity,0x0,0,0,0,0,0,0,0,0,0,NoRank,NoRank,NoRank,NoRank,NoRank,NoRank,NoRank,NoRank,0,0,0,0,0,0,0,0x0,0x0,0x0,0x0,0x0,0x0,0x0,0x0,0x0,0x0,0x0
0xD3 -,0x267,0x0,0xd3,0x41,0x0,0x0,NoAffinity,0x0,0,0,0,0,0,0,0,0,0,NoRank,NoRank,NoRank,NoRank,NoRank,NoRank,NoRank,NoRank,0,0,0,0,0,0,0,0x0,0x0,0x0,0x0,0x0,0x0,0x0,0x0,0x0,0x0,0x0
0xD4 -,0x267,0x0,0xd4,0x41,0x0,0x0,NoAffinity,0x0,0,0,0,0,0,0,0,0,0,NoRank,NoRank,NoRank,NoRank,NoRank,NoRank,NoRank,NoRank,0,0,0,0,0,0,0,0x0,0x0,0x0,0x0,0x0,0x0,0x0,0x0,0x0,0x0,0x0
0xD5 -,0x267,0x0,0xd5,0x41,0x0,0x0,NoAffinity,0x0,0,0,0,0,0,0,0,0,0,NoRank,NoRank,NoRank,NoRank,NoRank,NoRank,NoRank,NoRank,0,0,0,0,0,0,0,0x0,0x0,0x0,0x0,0x0,0x0,0x0,0x0,0x0,0x0,0x0
0xD6 -,0x267,0x0,0xd6,0x41,0x0,0x0,NoAffinity,0x0,0,0,0,0,0,0,0,0,0,NoRank,NoRank,NoRank,NoRank,NoRank,NoRank,NoRank,NoRank,0,0,0,0,0,0,0,0x0,0x0,0x0,0x0,0x0,0x0,0x0,0x0,0x0,0x0,0x0
0xD7 -,0x267,0x0,0xd7,0x41,0x0,0x0,NoAffinity,0x0,0,0,0,0,0,0,0,0,0,NoRank,NoRank,NoRank,NoRank,NoRank,NoRank,NoRank,NoRank,0,0,0,0,0,0,0,0x0,0x0,0x0,0x0,0x0,0x0,0x0,0x0,0x0,0x0,0x0
0xD8 -,0x267,0x0,0xd8,0x41,0x0,0x0,NoAffinity,0x0,0,0,0,0,0,0,0,0,0,NoRank,NoRank,NoRank,NoRank,NoRank,NoRank,NoRank,NoRank,0,0,0,0,0,0,0,0x0,0x0,0x0,0x0,0x0,0x0,0x0,0x0,0x0,0x0,0x0
0xD9 -,0x267,0x0,0xd9,0x41,0x0,0x0,NoAffinity,0x0,0,0,0,0,0,0,0,0,0,NoRank,NoRank,NoRank,NoRank,NoRank,NoRank,NoRank,NoRank,0,0,0,0,0,0,0,0x0,0x0,0x0,0x0,0x0,0x0,0x0,0x0,0x0,0x0,0x0
0xDA -,0x267,0x0,0xda,0x41,0x0,0x0,NoAffinity,0x0,0,0,0,0,0,0,0,0,0,NoRank,NoRank,NoRank,NoRank,NoRank,NoRank,NoRank,NoRank,0,0,0,0,0,0,0,0x0,0x0,0x0,0x0,0x0,0x0,0x0,0x0,0x0,0x0,0x0
0xDB -,0x267,0x0,0xdb,0x41,0x0,0x0,NoAffinity,0x0,0,0,0,0,0,0,0,0,0,NoRank,NoRank,NoRank,NoRank,NoRank,NoRank,NoRank,NoRank,0,0,0,0,0,0,0,0x0,0x0,0x0,0x0,0x0,0x0,0x0,0x0,0x0,0x0,0x0
0xDC -,0x267,0x0,0xdc,0x41,0x0,0x0,NoAffinity,0x0,0,0,0,0,0,0,0,0,0,NoRank,NoRank,NoRank,NoRank,NoRank,NoRank,NoRank,NoRank,0,0,0,0,0,0,0,0x0,0x0,0x0,0x0,0x0,0x0,0x0,0x0,0x0,0x0,0x0
0xDD -,0x267,0x0,0xdd,0x41,0x0,0x0,NoAffinity,0x0,0,0,0,0,0,0,0,0,0,NoRank,NoRank,NoRank,NoRank,NoRank,NoRank,NoRank,NoRank,0,0,0,0,0,0,0,0x0,0x0,0x0,0x0,0x0,0x0,0x0,0x0,0x0,0x0,0x0
0xDE -,0x267,0x0,0xde,0x41,0x0,0x0,NoAffinity,0x0,0,0,0,0,0,0,0,0,0,NoRank,NoRank,NoRank,NoRank,NoRank,NoRank,NoRank,NoRank,0,0,0,0,0,0,0,0x0,0x0,0x0,0x0,0x0,0x0,0x0,0x0,0x0,0x0,0x0
0xDF -,0x267,0x0,0xdf,0x41,0x0,0x0,NoAffinity,0x0,0,0,0,0,0,0,0,0,0,NoRank,NoRank,NoRank,NoRank,NoRank,NoRank,NoRank,NoRank,0,0,0,0,0,0,0,0x0,0x0,0x0,0x0,0x0,0x0,0x0,0x0,0x0,0x0,0x0
0xE0 -,0x267,0x0,0xe0,0x41,0x0,0x0,NoAffinity,0x0,0,0,0,0,0,0,0,0,0,NoRank,NoRank,NoRank,NoRank,NoRank,NoRank,NoRank,NoRank,0,0,0,0,0,0,0,0x0,0x0,0x0,0x0,0x0,0x0,0x0,0x0,0x0,0x0,0x0
0xE1 -,0x267,0x0,0xe1,0x41,0x0,0x0,NoAffinity,0x0,0,0,0,0,0,0,0,0,0,NoRank,NoRank,NoRank,NoRank,NoRank,NoRank,NoRank,NoRank,0,0,0,0,0,0,0,0x0,0x0,0x0,0x0,0x0,0x0,0x0,0x0,0x0,0x0,0x0
0xE2 -,0x267,0x0,0xe2,0x41,0x0,0x0,NoAffinity,0x0,0,0,0,0,0,0,0,0,0,NoRank,NoRank,NoRank,NoRank,NoRank,NoRank,NoRank,NoRank,0,0,0,0,0,0,0,0x0,0x0,0x0,0x0,0x0,0x0,0x0,0x0,0x0,0x0,0x0
0xE3 -,0x267,0x0,0xe3,0x41,0x0,0x0,NoAffinity,0x0,0,0,0,0,0,0,0,0,0,NoRank,NoRank,NoRank,NoRank,NoRank,NoRank,NoRank,NoRank,0,0,0,0,0,0,0,0x0,0x0,0x0,0x0,0x0,0x0,0x0,0x0,0x0,0x0,0x0
0xE4 -,0x267,0x0,0xe4,0x41,0x0,0x0,NoAffinity,0x0,0,0,0,0,0,0,0,0,0,NoRank,NoRank,NoRank,NoRank,NoRank,NoRank,NoRank,NoRank,0,0,0,0,0,0,0,0x0,0x0,0x0,0x0,0x0,0x0,0x0,0x0,0x0,0x0,0x0
0xE5 -,0x267,0x0,0xe5,0x41,0x0,0x0,NoAffinity,0x0,0,0,0,0,0,0,0,0,0,NoRank,NoRank,NoRank,NoRank,NoRank,NoRank,NoRank,NoRank,0,0,0,0,0,0,0,0x0,0x0,0x0,0x0,0x0,0x0,0x0,0x0,0x0,0x0,0x0
0xE6 -,0x267,0x0,0xe6,0x41,0x0,0x0,NoAffinity,0x0,0,0,0,0,0,0,0,0,0,NoRank,NoRank,NoRank,NoRank,NoRank,NoRank,NoRank,NoRank,0,0,0,0,0,0,0,0x0,0x0,0x0,0x0,0x0,0x0,0x0,0x0,0x0,0x0,0x0
0xE7 -,0x267,0x0,0xe7,0x41,0x0,0x0,NoAffinity,0x0,0,0,0,0,0,0,0,0,0,NoRank,NoRank,NoRank,NoRank,NoRank,NoRank,NoRank,NoRank,0,0,0,0,0,0,0,0x0,0x0,0x0,0x0,0x0,0x0,0x0,0x0,0x0,0x0,0x0
0xE8 -,0x267,0x0,0xe8,0x41,0x0,0x0,NoAffinity,0x0,0,0,0,0,0,0,0,0,0,NoRank,NoRank,NoRank,NoRank,NoRank,NoRank,NoRank,NoRank,0,0,0,0,0,0,0,0x0,0x0,0x0,0x0,0x0,0x0,0x0,0x0,0x0,0x0,0x0
0xE9 -,0x267,0x0,0xe9,0x41,0x0,0x0,NoAffinity,0x0,0,0,0,0,0,0,0,0,0,NoRank,NoRank,NoRank,NoRank,NoRank,NoRank,NoRank,NoRank,0,0,0,0,0,0,0,0x0,0x0,0x0,0x0,0x0,0x0,0x0,0x0,0x0,0x0,0x0
0xEA -,0x267,0x0,0xea,0x41,0x0,0x0,NoAffinity,0x0,0,0,0,0,0,0,0,0,0,NoRank,NoRank,NoRank,NoRank,NoRank,NoRank,NoRank,NoRank,0,0,0,0,0,0,0,0x0,0x0,0x0,0x0,0x0,0x0,0x0,0x0,0x0,0x0,0x0
0xEB -,0x267,0x0,0xeb,0x41,0x0,0x0,NoAffinity,0x0,0,0,0,0,0,0,0,0,0,NoRank,NoRank,NoRank,NoRank,NoRank,NoRank,NoRank,NoRank,0,0,0,0,0,0,0,0x0,0x0,0x0,0x0,0x0,0x0,0x0,0x0,0x0,0x0,0x0
0xEC -,0x267,0x0,0xec,0x41,0x0,0x0,NoAffinity,0x0,0,0,0,0,0,0,0,0,0,NoRank,NoRank,NoRank,NoRank,NoRank,NoRank,NoRank,NoRank,0,0,0,0,0,0,0,0x0,0x0,0x0,0x0,0x0,0x0,0x0,0x0,0x0,0x0,0x0
0xED -,0x267,0x0,0xed,0x41,0x0,0x0,NoAffinity,0x0,0,0,0,0,0,0,0,0,0,NoRank,NoRank,NoRank,NoRank,NoRank,NoRank,NoRank,NoRank,0,0,0,0,0,0,0,0x0,0x0,0x0,0x0,0x0,0x0,0x0,0x0,0x0,0x0,0x0
0xEE -,0x267,0x0,0xee,0x41,0x0,0x0,NoAffinity,0x0,0,0,0,0,0,0,0,0,0,NoRank,NoRank,NoRank,NoRank,NoRank,NoRank,NoRank,NoRank,0,0,0,0,0,0,0,0x0,0x0,0x0,0x0,0x0,0x0,0x0,0x0,0x0,0x0,0x0
0xEF -,0x267,0x0,0xef,0x41,0x0,0x0,NoAffinity,0x0,0,0,0,0,0,0,0,0,0,NoRank,NoRank,NoRank,NoRank,NoRank,NoRank,NoRank,NoRank,0,0,0,0,0,0,0,0x0,0x0,0x0,0x0,0x0,0x0,0x0,0x0,0x0,0x0,0x0
0xF0 -,0x267,0x0,0xf0,0x41,0x0,0x0,NoAffinity,0x0,0,0,0,0,0,0,0,0,0,NoRank,NoRank,NoRank,NoRank,NoRank,NoRank,NoRank,NoRank,0,0,0,0,0,0,0,0x0,0x0,0x0,0x0,0x0,0x0,0x0,0x0,0x0,0x0,0x0
0xF1 -,0x267,0x0,0xf1,0x41,0x0,0x0,NoAffinity,0x0,0,0,0,0,0,0,0,0,0,NoRank,NoRank,NoRank,NoRank,NoRank,NoRank,NoRank,NoRank,0,0,0,0,0,0,0,0x0,0x0,0x0,0x0,0x0,0x0,0x0,0x0,0x0,0x0,0x0
0xF2 -,0x267,0x0,0xf2,0x41,0x0,0x0,NoAffinity,0x0,0,0,0,0,0,0,0,0,0,NoRank,NoRank,NoRank,NoRank,NoRank,NoRank,NoRank,NoRank,0,0,0,0,0,0,0,0x0,0x0,0x0,0x0,0x0,0x0,0x0,0x0,0x0,0x0,0x0
0xF3 -,0x267,0x0,0xf3,0x41,0x0,0x0,NoAffinity,0x0,0,0,0,0,0,0,0,0,0,NoRank,NoRank,NoRank,NoRank,NoRank,NoRank,NoRank,NoRank,0,0,0,0,0,0,0,0x0,0x0,0x0,0x0,0x0,0x0,0x0,0x0,0x0,0x0,0x0
0xF4 River Folk Child (F),0x266,0x2bd,0xf4,0x6d,0x0,0x5,NoAffinity,0x0,1,0,0,0,0,2,0,0,0,NoRank,NoRank,NoRank,NoRank,NoRank,NoRank,NoRank,NoRank,85,25,60,10,15,15,25,0x0,0x0,0x0,0x0,0x0,0x0,0x0,0x0,0x0,0x0,0x0
0xF5 River Folk (F),0x266,0x2bd,0xf5,0x6e,0x0,0x5,NoAffinity,0x0,1,0,0,0,0,2,0,0,0,NoRank,NoRank,NoRank,NoRank,NoRank,NoRank,NoRank,NoRank,85,25,60,10,15,15,25,0x0,0x0,0x0,0x0,0x0,IsFemale,0x0,0x0,0x0,0x0,0x0
0xF6 River Folk (M),0x266,0x2bd,0xf6,0x6f,0x0,0x5,NoAffinity,0x0,1,0,0,0,0,2,0,0,0,NoRank,NoRank,NoRank,NoRank,NoRank,NoRank,NoRank,NoRank,85,25,60,10,15,15,25,0x0,0x0,0x0,0x0,0x0,0x0,0x0,0x0,0x0,0x0,0x0
0xF7 River Folk (F),0x266,0x2bd,0xf7,0x70,0x0,0x5,NoAffinity,0x0,1,0,0,0,0,2,0,0,0,NoRank,NoRank,NoRank,NoRank,NoRank,NoRank,NoRank,NoRank,85,25,60,10,15,15,25,0x0,0x0,0x0,0x0,0x0,IsFemale,0x0,0x0,0x0,0x0,0x0
0xF8 River Folk Child,0x266,0x2bd,0xf8,0x6d,0x0,0x5,NoAffinity,0x0,1,0,0,0,0,2,0,0,0,NoRank,NoRank,NoRank,NoRank,NoRank,NoRank,NoRank,NoRank,85,25,60,10,15,15,25,0x0,0x0,0x0,0x0,0x0,0x0,0x0,0x0,0x0,0x0,0x0
0xF9 Renais Citizen 1 (Child),0x265,0x2bc,0xf9,0x6e,0x0,0x5,NoAffinity,0x0,1,0,0,0,0,2,0,0,0,NoRank,NoRank,NoRank,NoRank,NoRank,NoRank,NoRank,NoRank,85,25,60,10,15,15,25,0x0,0x0,0x0,0x0,0x0,IsFemale,0x0,0x0,0x0,0x0,0x0
0xFA Renais Citizen 2,0x265,0x2bc,0xfa,0x71,0x0,0x5,NoAffinity,0x0,1,0,0,0,0,2,0,0,0,NoRank,NoRank,NoRank,NoRank,NoRank,NoRank,NoRank,NoRank,85,25,60,10,15,15,25,0x0,0x0,0x0,0x0,0x0,0x0,0x0,0x0,0x0,0x0,0x0
0xFB Renais Citizen 3,0x265,0x2bc,0xfb,0x72,0x0,0x5,NoAffinity,0x0,1,0,0,0,0,2,0,0,0,NoRank,NoRank,NoRank,NoRank,NoRank,NoRank,NoRank,NoRank,85,25,60,10,15,15,25,0x0,0x0,0x0,0x0,0x0,IsFemale,0x0,0x0,0x0,0x0,0x0
0xFC Old 'Citizen',0x264,0x0,0xfc,0x71,0x0,0x5,NoAffinity,0x0,1,0,0,0,0,2,0,0,0,NoRank,NoRank,NoRank,NoRank,NoRank,NoRank,NoRank,NoRank,85,25,60,10,15,15,25,0x0,0x0,0x0,0x0,0x0,0x0,0x0,0x3,0x0,0x0,0x0
0xFD Enemy (Arena),0x267,0x0,0xfd,0x41,0x0,0x0,NoAffinity,0x0,0,0,0,0,0,0,0,0,0,NoRank,NoRank,NoRank,NoRank,NoRank,NoRank,NoRank,NoRank,0,0,0,0,0,0,0,0x0,0x0,0x0,0x0,0x0,0x0,0x0,0x0,0x0,0x0,0x0
0xFE Wall,0x268,0x0,0xfe,0x41,0x0,0x0,NoAffinity,0x0,0,0,0,0,0,0,0,0,0,NoRank,NoRank,NoRank,NoRank,NoRank,NoRank,NoRank,NoRank,0,0,0,0,0,0,0,0x0,0x0,0x0,0x0,0x0,0x0,0x0,0x0,0x0,0x0,0x0
0xFF Snag,0x269,0x0,0xff,0x41,0x0,0x0,NoAffinity,0x0,0,0,0,0,0,0,0,0,0,NoRank,NoRank,NoRank,NoRank,NoRank,NoRank,NoRank,NoRank,0,0,0,0,0,0,0,0x0,0x0,0x0,0x0,0x0,0x0,0x0,0x0,0x0,0x0,0x0
